Proto,Port,Program
tcp,10344,/var/vcap/data/packages/gorouter/<GUID>/bin/gorouter
tcp,111,/sbin/rpcbind
tcp,11390,/var/vcap/data/packages/prom_scraper/<GUID>/prom-scraper
tcp,11987,/var/vcap/data/packages/gorouter/<GUID>/bin/gorouter
tcp,14726,/var/vcap/data/packages/metrics-agent/<GUID>/metrics-agent
tcp,14727,/var/vcap/data/packages/metrics-agent/<GUID>/metrics-agent
tcp,14821,/var/vcap/data/packages/prom_scraper/<GUID>/prom-scraper
tcp,14822,/var/vcap/data/packages/syslog-agent/<GUID>/syslog-agent
tcp,14823,/var/vcap/data/packages/forwarder-agent/<GUID>/forwarder-agent
tcp,14824,/var/vcap/data/packages/loggregator_agent/<GUID>/loggregator-agent
tcp,14828,/var/vcap/data/packages/binding-cache/<GUID>/binding-cache
tcp,14829,/var/vcap/data/packages/udp-forwarder/<GUID>/udp-forwarder
tcp,14920,/var/vcap/data/packages/metric-scraper/<GUID>/metric-scraper
tcp,14921,/var/vcap/data/packages/leadership-election/<GUID>/leadership-election
tcp,14922,/var/vcap/data/packages/system-metrics-agent/<GUID>/system-metrics-agent
tcp,15150,/var/vcap/data/packages/routing-healthchecker/<GUID>/bin/healthchecker
tcp,15821,/var/vcap/data/packages/metrics-discovery-registrar/<GUID>/discovery-registrar
tcp,15897,/var/vcap/data/packages/routing-api/<GUID>/bin/routing-api
tcp,17001,/var/vcap/data/packages/auctioneer/<GUID>/bin/auctioneer
tcp,17002,/var/vcap/data/packages/gorouter/<GUID>/bin/gorouter
tcp,17002,/var/vcap/data/packages/tcp_router/<GUID>/bin/cf-tcp-router
tcp,17003,/var/vcap/data/packages/routing-api/<GUID>/bin/routing-api
tcp,17008,/var/vcap/data/packages/rep/<GUID>/bin/rep
tcp,17009,/var/vcap/data/packages/route_emitter/<GUID>/bin/route-emitter
tcp,17011,/var/vcap/data/packages/route_emitter/<GUID>/bin/route-emitter
tcp,17015,/var/vcap/data/packages/tps/<GUID>/bin/tps-watcher
tcp,17016,/var/vcap/data/packages/ssh_proxy/<GUID>/bin/ssh-proxy
tcp,17017,/var/vcap/data/packages/bbs/<GUID>/bin/bbs
tcp,17018,/var/vcap/data/packages/locket/<GUID>/bin/locket
tcp,17019,/var/vcap/data/packages/cc_uploader/<GUID>/bin/cc-uploader
tcp,17019,/var/vcap/data/packages/guardian/<GUID>/bin/gdn
tcp,1800,/var/vcap/data/packages/rep/<GUID>/bin/rep
tcp,1801,/var/vcap/data/packages/rep/<GUID>/bin/rep
tcp,1936,/var/vcap/data/packages/proxy/<GUID>/bin/proxy
tcp,19683,/var/vcap/data/packages/silk-controller/<GUID>/bin/silk-controller
tcp,20396,/var/vcap/data/packages/prom_scraper/<GUID>/prom-scraper
tcp,21376,/var/vcap/data/packages/udp-forwarder/<GUID>/udp-forwarder
tcp,21378,/var/vcap/data/packages/prom_scraper/<GUID>/prom-scraper
tcp,21542,/var/vcap/data/packages/metric_registrar/<GUID>/bin/metric_registrar_endpoint_worker
tcp,21543,/var/vcap/data/packages/metric_registrar/<GUID>/bin/metric_registrar_endpoint_worker
tcp,21544,/var/vcap/data/packages/metric_registrar/<GUID>/bin/metric_registrar_log_worker
tcp,21545,/var/vcap/data/packages/metric_registrar/<GUID>/bin/metric_registrar_log_worker
tcp,21546,/var/vcap/data/packages/metric_registrar/<GUID>/bin/metric_registrar_orchestrator
tcp,21548,/var/vcap/data/packages/metric_registrar/<GUID>/bin/metric_registrar_secure_endpoint_worker
tcp,21549,/var/vcap/data/packages/metric_registrar/<GUID>/bin/metric_registrar_secure_endpoint_worker
tcp,22,/usr/sbin/sshd
tcp,2222,/var/vcap/data/packages/ssh_proxy/<GUID>/bin/ssh-proxy
tcp,22223,/var/vcap/data/packages/policy-server/<GUID>/bin/policy-server
tcp,22233,/var/vcap/data/packages/silk-daemon/<GUID>/bin/silk-daemon
tcp,23954,/var/vcap/data/packages/silk-daemon/<GUID>/bin/silk-daemon
tcp,24768,/var/vcap/data/packages/prom_scraper/<GUID>/prom-scraper
tcp,25250,/var/vcap/data/packages/nginx/<GUID>/sbin/nginx
tcp,25555,/var/vcap/data/packages/nginx/<GUID>/sbin/nginx
tcp,25556,/var/vcap/data/packages/director-ruby-3.2/<GUID>/bin/ruby
tcp,25594,/var/vcap/data/packages/system-metrics-server/<GUID>/system-metrics-server
tcp,25595,/var/vcap/data/packages/system-metrics-server/<GUID>/system-metrics-server
tcp,25923,/var/vcap/data/packages/director-ruby-3.2/<GUID>/bin/ruby
tcp,2780,/var/vcap/data/packages/loggregator_agent/<GUID>/loggregator-agent
tcp,2822,/var/vcap/bosh/bin/monit-actual
tcp,2825,/var/vcap/bosh/bin/bosh-agent
tcp,2846,/var/vcap/data/packages/prom_scraper/<GUID>/prom-scraper
tcp,28893,/var/vcap/data/packages/scanner/<GUID>/scanner_web
tcp,28895,/var/vcap/data/packages/scanner/<GUID>/scanner_daemon
tcp,3000,/var/vcap/data/packages/routing-api/<GUID>/bin/routing-api
tcp,3001,/var/vcap/data/packages/routing-api/<GUID>/bin/routing-api
tcp,31945,/var/vcap/data/packages/policy-server/<GUID>/bin/policy-server-internal
tcp,31946,/var/vcap/data/packages/policy-server/<GUID>/bin/policy-server-internal
tcp,32784,/var/vcap/data/packages/syslog-agent/<GUID>/syslog-agent
tcp,32870,/usr/bin/google_guest_agent
tcp,32872,/var/vcap/data/packages/prom_scraper/<GUID>/prom-scraper
tcp,32968,/var/vcap/data/packages/udp-forwarder/<GUID>/udp-forwarder
tcp,32978,/var/vcap/data/packages/prom_scraper/<GUID>/prom-scraper
tcp,33001,/var/vcap/data/packages/system-metrics-server/<GUID>/system-metrics-server
tcp,33058,/var/vcap/data/packages/forwarder-agent/<GUID>/forwarder-agent
tcp,3306,/var/vcap/data/packages/proxy/<GUID>/bin/proxy
tcp,3306,/var/vcap/data/packages/pxc/<GUID>/bin/mysqld
tcp,33088,/var/vcap/data/packages/prom_scraper/<GUID>/prom-scraper
tcp,33144,/var/vcap/data/packages/prom_scraper/<GUID>/prom-scraper
tcp,33232,/var/vcap/data/packages/prom_scraper/<GUID>/prom-scraper
tcp,33238,/var/vcap/bosh/bin/bosh-agent
tcp,33304,/var/vcap/bosh/bin/bosh-agent
tcp,33373,/var/vcap/data/packages/doppler/<GUID>/doppler
tcp,33402,/var/vcap/data/packages/proxy/<GUID>/bin/proxy
tcp,33416,/usr/bin/google_guest_agent
tcp,33418,/var/vcap/data/packages/proxy/<GUID>/bin/proxy
tcp,33432,/var/vcap/data/packages/prom_scraper/<GUID>/prom-scraper
tcp,33438,/var/vcap/data/packages/metrics-discovery-registrar/<GUID>/discovery-registrar
tcp,33710,/var/vcap/data/packages/prom_scraper/<GUID>/prom-scraper
tcp,33710,/var/vcap/data/packages/reverse_log_proxy/<GUID>/rlp
tcp,33724,/var/vcap/data/packages/reverse_log_proxy/<GUID>/rlp
tcp,33736,/var/vcap/data/packages/reverse_log_proxy/<GUID>/rlp
tcp,33804,/usr/bin/google_guest_agent
tcp,33810,/var/vcap/data/packages/prom_scraper/<GUID>/prom-scraper
tcp,33848,/var/vcap/data/packages/prom_scraper/<GUID>/prom-scraper
tcp,33850,/var/vcap/data/packages/reverse_log_proxy/<GUID>/rlp
tcp,33860,/var/vcap/data/packages/reverse_log_proxy/<GUID>/rlp
tcp,33870,/var/vcap/data/packages/ruby-3.0/<GUID>/bin/ruby
tcp,33876,/var/vcap/data/packages/reverse_log_proxy/<GUID>/rlp
tcp,33890,/var/vcap/data/packages/udp-forwarder/<GUID>/udp-forwarder
tcp,33892,/var/vcap/data/packages/prom_scraper/<GUID>/prom-scraper
tcp,33896,/var/vcap/data/packages/reverse_log_proxy/<GUID>/rlp
tcp,34010,/var/vcap/data/packages/prom_scraper/<GUID>/prom-scraper
tcp,34028,/var/vcap/data/packages/metrics-discovery-registrar/<GUID>/discovery-registrar
tcp,34034,/var/vcap/data/packages/prom_scraper/<GUID>/prom-scraper
tcp,34036,/usr/bin/google_guest_agent
tcp,34058,/var/vcap/data/packages/prom_scraper/<GUID>/prom-scraper
tcp,34082,/var/vcap/data/packages/loggregator_agent/<GUID>/loggregator-agent
tcp,34086,/var/vcap/data/packages/loggregator_agent/<GUID>/loggregator-agent
tcp,34094,/var/vcap/data/packages/loggregator_agent/<GUID>/loggregator-agent
tcp,34110,/var/vcap/data/packages/loggregator_agent/<GUID>/loggregator-agent
tcp,34114,/var/vcap/data/packages/loggregator_agent/<GUID>/loggregator-agent
tcp,34122,/var/vcap/data/packages/loggregator_agent/<GUID>/loggregator-agent
tcp,34232,/var/vcap/data/packages/vxlan-policy-agent/<GUID>/bin/vxlan-policy-agent
tcp,34306,/var/vcap/data/packages/loggregator_agent/<GUID>/loggregator-agent
tcp,34318,/var/vcap/data/packages/doppler/<GUID>/doppler
tcp,34320,/var/vcap/data/packages/locket/<GUID>/bin/locket
tcp,34322,/var/vcap/data/packages/loggregator_agent/<GUID>/loggregator-agent
tcp,34326,/var/vcap/data/packages/prom_scraper/<GUID>/prom-scraper
tcp,34328,/var/vcap/data/packages/loggregator_agent/<GUID>/loggregator-agent
tcp,34328,/var/vcap/data/packages/prom_scraper/<GUID>/prom-scraper
tcp,34336,/var/vcap/data/packages/metric_registrar/<GUID>/bin/metric_registrar_log_worker
tcp,34342,/var/vcap/data/packages/metric_registrar/<GUID>/bin/metric_registrar_endpoint_worker
tcp,34356,/var/vcap/data/packages/metric_registrar/<GUID>/bin/metric_registrar_secure_endpoint_worker
tcp,34418,/var/vcap/data/packages/openjdk_1.8.0/<GUID>/jre/bin/java
tcp,34430,/var/vcap/bosh/bin/bosh-agent
tcp,34436,/var/vcap/data/packages/uaa/<GUID>/jdk/bin/java
tcp,34456,/var/vcap/data/packages/loggregator_agent/<GUID>/loggregator-agent
tcp,34462,/var/vcap/data/packages/prom_scraper/<GUID>/prom-scraper
tcp,34468,/var/vcap/data/packages/loggregator_agent/<GUID>/loggregator-agent
tcp,34474,/var/vcap/data/packages/loggregator_agent/<GUID>/loggregator-agent
tcp,34478,/var/vcap/data/packages/loggregator_agent/<GUID>/loggregator-agent
tcp,34478,/var/vcap/data/packages/prom_scraper/<GUID>/prom-scraper
tcp,34490,/var/vcap/data/packages/loggregator_agent/<GUID>/loggregator-agent
tcp,34530,/var/vcap/data/packages/director-ruby-3.2/<GUID>/bin/ruby
tcp,3458,/var/vcap/data/packages/forwarder-agent/<GUID>/forwarder-agent
tcp,3459,/var/vcap/data/packages/loggregator_agent/<GUID>/loggregator-agent
tcp,3460,/var/vcap/data/packages/syslog-agent/<GUID>/syslog-agent
tcp,34602,/usr/bin/google_guest_agent
tcp,3461,/var/vcap/data/packages/metrics-agent/<GUID>/metrics-agent
tcp,34668,/var/vcap/data/packages/prom_scraper/<GUID>/prom-scraper
tcp,34722,/var/vcap/data/packages/bosh-dns/<GUID>/bin/bosh-dns
tcp,34732,/var/vcap/data/packages/forwarder-agent/<GUID>/forwarder-agent
tcp,34752,/var/vcap/data/packages/route_registrar/<GUID>/bin/route-registrar
tcp,34836,/var/vcap/data/packages/forwarder-agent/<GUID>/forwarder-agent
tcp,34838,/var/vcap/data/packages/prom_scraper/<GUID>/prom-scraper
tcp,34862,/var/vcap/data/packages/replication-canary/<GUID>/bin/replication-canary
tcp,34908,/var/vcap/data/packages/proxy/<GUID>/bin/proxy
tcp,34948,/var/vcap/data/packages/silk-daemon/<GUID>/bin/silk-daemon
tcp,34966,/usr/bin/google_guest_agent
tcp,34982,/var/vcap/data/packages/log-cache/<GUID>/log-cache
tcp,35016,/var/vcap/data/packages/metrics-discovery-registrar/<GUID>/discovery-registrar
tcp,35048,/var/vcap/data/packages/bosh-dns/<GUID>/bin/bosh-dns
tcp,35074,/var/vcap/data/packages/bosh-dns/<GUID>/bin/bosh-dns
tcp,35134,/var/vcap/data/packages/proxy/<GUID>/bin/proxy
tcp,35146,/var/vcap/data/packages/proxy/<GUID>/bin/proxy
tcp,35152,/var/vcap/data/packages/proxy/<GUID>/bin/proxy
tcp,35164,/var/vcap/data/packages/bosh-dns/<GUID>/bin/bosh-dns
tcp,35195,/var/vcap/data/packages/system-metrics-server/<GUID>/system-metrics-server
tcp,35416,/var/vcap/data/packages/proxy/<GUID>/bin/proxy
tcp,35480,/usr/bin/google_guest_agent
tcp,35502,/var/vcap/data/packages/forwarder-agent/<GUID>/forwarder-agent
tcp,35564,/var/vcap/data/packages/prom_scraper/<GUID>/prom-scraper
tcp,35604,/var/vcap/data/packages/system-metrics-server/<GUID>/system-metrics-server
tcp,35636,/var/vcap/data/packages/bosh-dns/<GUID>/bin/bosh-dns
tcp,35676,/var/vcap/data/packages/forwarder-agent/<GUID>/forwarder-agent
tcp,35738,/var/vcap/data/packages/loggregator_agent/<GUID>/loggregator-agent
tcp,35742,/var/vcap/data/packages/loggregator_agent/<GUID>/loggregator-agent
tcp,35752,/var/vcap/data/packages/loggregator_agent/<GUID>/loggregator-agent
tcp,35754,/var/vcap/data/packages/loggregator_agent/<GUID>/loggregator-agent
tcp,35760,/var/vcap/data/packages/prom_scraper/<GUID>/prom-scraper
tcp,35770,/var/vcap/data/packages/loggregator_agent/<GUID>/loggregator-agent
tcp,35776,/var/vcap/data/packages/prom_scraper/<GUID>/prom-scraper
tcp,35792,/var/vcap/data/packages/forwarder-agent/<GUID>/forwarder-agent
tcp,35792,/var/vcap/data/packages/openjdk_1.8.0/<GUID>/jre/bin/java
tcp,35794,/var/vcap/data/packages/bosh-dns/<GUID>/bin/bosh-dns
tcp,35910,/var/vcap/data/packages/openjdk_1.8.0/<GUID>/jre/bin/java
tcp,35936,/var/vcap/data/packages/bosh-dns/<GUID>/bin/bosh-dns
tcp,35942,/var/vcap/data/packages/ruby-3.0/<GUID>/bin/ruby
tcp,35958,/var/vcap/data/packages/bosh-dns/<GUID>/bin/bosh-dns
tcp,35992,/var/vcap/data/packages/ruby-3.0/<GUID>/bin/ruby
tcp,35996,/var/vcap/data/packages/ruby-3.0/<GUID>/bin/ruby
tcp,36018,/usr/bin/google_guest_agent
tcp,36020,/var/vcap/data/packages/prom_scraper/<GUID>/prom-scraper
tcp,36062,/var/vcap/data/packages/mysql-metrics/<GUID>/bin/mysql-metrics
tcp,36090,/var/vcap/data/packages/proxy/<GUID>/bin/proxy
tcp,36106,/var/vcap/data/packages/bbs/<GUID>/bin/bbs
tcp,36308,/var/vcap/data/packages/reverse_log_proxy/<GUID>/rlp
tcp,36322,/var/vcap/data/packages/reverse_log_proxy/<GUID>/rlp
tcp,36352,/var/vcap/data/packages/replication-canary/<GUID>/bin/replication-canary
tcp,36394,/var/vcap/data/packages/metric_registrar/<GUID>/bin/metric_registrar_orchestrator
tcp,36404,/var/vcap/data/packages/prom_scraper/<GUID>/prom-scraper
tcp,36478,/var/vcap/data/packages/prom_scraper/<GUID>/prom-scraper
tcp,36518,/var/vcap/data/packages/bosh-dns/<GUID>/bin/bosh-dns
tcp,36524,/var/vcap/data/packages/forwarder-agent/<GUID>/forwarder-agent
tcp,36552,/var/vcap/data/packages/bosh-dns/<GUID>/bin/bosh-dns
tcp,36596,/var/vcap/data/packages/director-ruby-3.2/<GUID>/bin/ruby
tcp,36600,/var/vcap/data/packages/director-ruby-3.2/<GUID>/bin/ruby
tcp,36674,/var/vcap/data/packages/prom_scraper/<GUID>/prom-scraper
tcp,36680,/var/vcap/data/packages/mysql-metrics/<GUID>/bin/mysql-metrics
tcp,36726,/var/vcap/data/packages/bosh-dns/<GUID>/bin/bosh-dns
tcp,36756,/var/vcap/data/packages/loggregator_agent/<GUID>/loggregator-agent
tcp,36776,/var/vcap/data/packages/loggregator_agent/<GUID>/loggregator-agent
tcp,36778,/var/vcap/data/packages/loggregator_agent/<GUID>/loggregator-agent
tcp,36788,/var/vcap/data/packages/loggregator_agent/<GUID>/loggregator-agent
tcp,36790,/var/vcap/data/packages/loggregator_agent/<GUID>/loggregator-agent
tcp,36798,/var/vcap/data/packages/loggregator_agent/<GUID>/loggregator-agent
tcp,36846,/var/vcap/data/packages/syslog-agent/<GUID>/syslog-agent
tcp,36866,/var/vcap/data/packages/prom_scraper/<GUID>/prom-scraper
tcp,36936,/var/vcap/data/packages/policy-server/<GUID>/bin/policy-server-internal
tcp,36970,/var/vcap/data/packages/prom_scraper/<GUID>/prom-scraper
tcp,36984,/usr/bin/google_guest_agent
tcp,37026,/var/vcap/data/packages/bosh-dns/<GUID>/bin/bosh-dns
tcp,37096,/var/vcap/data/packages/reverse_log_proxy/<GUID>/rlp
tcp,37142,/var/vcap/data/packages/proxy/<GUID>/bin/proxy
tcp,37156,/var/vcap/data/packages/proxy/<GUID>/bin/proxy
tcp,37180,/var/vcap/data/packages/route_registrar/<GUID>/bin/route-registrar
tcp,37200,/var/vcap/data/packages/proxy/<GUID>/bin/proxy
tcp,37208,/var/vcap/data/packages/openjdk_1.8.0/<GUID>/jre/bin/java
tcp,37282,/var/vcap/data/packages/prom_scraper/<GUID>/prom-scraper
tcp,37334,/var/vcap/data/packages/prom_scraper/<GUID>/prom-scraper
tcp,37395,/var/vcap/data/packages/statsd_injector/<GUID>/statsd-injector
tcp,37440,/var/vcap/data/packages/prom_scraper/<GUID>/prom-scraper
tcp,37454,/usr/bin/google_guest_agent
tcp,37476,/var/vcap/data/packages/forwarder-agent/<GUID>/forwarder-agent
tcp,37488,/var/vcap/data/packages/director-ruby-3.2/<GUID>/bin/ruby
tcp,37488,/var/vcap/data/packages/metrics-discovery-registrar/<GUID>/discovery-registrar
tcp,37492,/var/vcap/data/packages/metrics-discovery-registrar/<GUID>/discovery-registrar
tcp,37528,/var/vcap/data/packages/forwarder-agent/<GUID>/forwarder-agent
tcp,37536,/var/vcap/data/packages/prom_scraper/<GUID>/prom-scraper
tcp,37540,/var/vcap/data/packages/bosh-dns/<GUID>/bin/bosh-dns
tcp,37554,/var/vcap/data/packages/proxy/<GUID>/bin/proxy
tcp,37558,/var/vcap/data/packages/proxy/<GUID>/bin/proxy
tcp,37610,/var/vcap/data/packages/prom_scraper/<GUID>/prom-scraper
tcp,37616,/var/vcap/data/packages/reverse_log_proxy/<GUID>/rlp
tcp,37618,/var/vcap/data/packages/syslog-agent/<GUID>/syslog-agent
tcp,37638,/var/vcap/data/packages/log-cache/<GUID>/log-cache
tcp,37650,/var/vcap/data/packages/log-cache-gateway/<GUID>/log-cache-gateway
tcp,37656,/var/vcap/data/packages/log-cache-syslog-server/<GUID>/log-cache-syslog-server
tcp,37702,/var/vcap/data/packages/route_registrar/<GUID>/bin/route-registrar
tcp,37746,/var/vcap/data/packages/forwarder-agent/<GUID>/forwarder-agent
tcp,37772,/var/vcap/data/packages/prom_scraper/<GUID>/prom-scraper
tcp,37800,/var/vcap/data/packages/prom_scraper/<GUID>/prom-scraper
tcp,37815,/var/vcap/data/packages/doppler/<GUID>/doppler
tcp,37820,/var/vcap/data/packages/ruby-3.0/<GUID>/bin/ruby
tcp,37830,/var/vcap/data/packages/ruby-3.0/<GUID>/bin/ruby
tcp,37940,/var/vcap/bosh/bin/bosh-agent
tcp,37956,/var/vcap/data/packages/log-cache/<GUID>/log-cache
tcp,37990,/var/vcap/data/packages/forwarder-agent/<GUID>/forwarder-agent
tcp,38054,/var/vcap/data/packages/ruby-3.0/<GUID>/bin/ruby
tcp,38096,/var/vcap/data/packages/prom_scraper/<GUID>/prom-scraper
tcp,38130,/var/vcap/data/packages/prom_scraper/<GUID>/prom-scraper
tcp,38152,/var/vcap/data/packages/loggregator_agent/<GUID>/loggregator-agent
tcp,38166,/usr/bin/google_guest_agent
tcp,38174,/var/vcap/data/packages/openjdk_1.8.0/<GUID>/jre/bin/java
tcp,38214,/var/vcap/data/packages/forwarder-agent/<GUID>/forwarder-agent
tcp,38308,/var/vcap/data/packages/prom_scraper/<GUID>/prom-scraper
tcp,38365,/var/vcap/data/packages/statsd_injector/<GUID>/statsd-injector
tcp,38416,/var/vcap/data/packages/forwarder-agent/<GUID>/forwarder-agent
tcp,38484,/var/vcap/data/packages/forwarder-agent/<GUID>/forwarder-agent
tcp,38490,/var/vcap/data/packages/bosh-dns/<GUID>/bin/bosh-dns
tcp,38536,/var/vcap/data/packages/proxy/<GUID>/bin/proxy
tcp,38542,/var/vcap/data/packages/proxy/<GUID>/bin/proxy
tcp,38592,/var/vcap/data/packages/prom_scraper/<GUID>/prom-scraper
tcp,38620,/var/vcap/data/packages/bosh-dns/<GUID>/bin/bosh-dns
tcp,38818,/var/vcap/data/packages/prom_scraper/<GUID>/prom-scraper
tcp,38848,/usr/bin/google_guest_agent
tcp,38852,/var/vcap/data/packages/loggregator_agent/<GUID>/loggregator-agent
tcp,38856,/var/vcap/data/packages/loggregator_agent/<GUID>/loggregator-agent
tcp,38858,/var/vcap/data/packages/loggregator_agent/<GUID>/loggregator-agent
tcp,38864,/var/vcap/data/packages/loggregator_agent/<GUID>/loggregator-agent
tcp,38866,/var/vcap/data/packages/loggregator_agent/<GUID>/loggregator-agent
tcp,38904,/var/vcap/data/packages/prom_scraper/<GUID>/prom-scraper
tcp,38930,/var/vcap/data/packages/syslog-agent/<GUID>/syslog-agent
tcp,38932,/var/vcap/data/packages/loggregator_agent/<GUID>/loggregator-agent
tcp,38942,/var/vcap/data/packages/loggregator_agent/<GUID>/loggregator-agent
tcp,38952,/var/vcap/data/packages/loggregator_agent/<GUID>/loggregator-agent
tcp,38956,/var/vcap/data/packages/bosh-dns/<GUID>/bin/bosh-dns
tcp,38966,/var/vcap/data/packages/loggregator_agent/<GUID>/loggregator-agent
tcp,38966,/var/vcap/data/packages/syslog-agent/<GUID>/syslog-agent
tcp,38968,/var/vcap/data/packages/loggregator_agent/<GUID>/loggregator-agent
tcp,38995,/var/vcap/data/packages/statsd_injector/<GUID>/statsd-injector
tcp,39048,/var/vcap/data/packages/forwarder-agent/<GUID>/forwarder-agent
tcp,39120,/var/vcap/data/packages/prom_scraper/<GUID>/prom-scraper
tcp,39128,/var/vcap/data/packages/forwarder-agent/<GUID>/forwarder-agent
tcp,39156,/var/vcap/data/packages/prom_scraper/<GUID>/prom-scraper
tcp,39158,/var/vcap/data/packages/syslog-agent/<GUID>/syslog-agent
tcp,39164,/usr/bin/google_guest_agent
tcp,39174,/var/vcap/data/packages/prom_scraper/<GUID>/prom-scraper
tcp,39190,/var/vcap/data/packages/route_registrar/<GUID>/bin/route-registrar
tcp,39191,/var/vcap/data/packages/statsd_injector/<GUID>/statsd-injector
tcp,39210,/var/vcap/data/packages/bosh-dns/<GUID>/bin/bosh-dns
tcp,39216,/var/vcap/bosh/bin/bosh-agent
tcp,39218,/var/vcap/data/packages/loggregator_agent/<GUID>/loggregator-agent
tcp,39240,/var/vcap/data/packages/syslog-agent/<GUID>/syslog-agent
tcp,39286,/var/vcap/data/packages/proxy/<GUID>/bin/proxy
tcp,39346,/var/vcap/data/packages/openjdk_1.8.0/<GUID>/jre/bin/java
tcp,39434,/var/vcap/data/packages/metrics-discovery-registrar/<GUID>/discovery-registrar
tcp,39470,/var/vcap/data/packages/prom_scraper/<GUID>/prom-scraper
tcp,39482,/var/vcap/data/packages/reverse_log_proxy/<GUID>/rlp
tcp,39488,/var/vcap/data/packages/metrics-discovery-registrar/<GUID>/discovery-registrar
tcp,39496,/var/vcap/data/packages/loggregator_trafficcontroller/<GUID>/trafficcontroller
tcp,39572,/var/vcap/data/packages/locket/<GUID>/bin/locket
tcp,39596,/usr/bin/google_guest_agent
tcp,39652,/var/vcap/data/packages/prom_scraper/<GUID>/prom-scraper
tcp,39682,/var/vcap/data/packages/forwarder-agent/<GUID>/forwarder-agent
tcp,39688,/var/vcap/data/packages/syslog-agent/<GUID>/syslog-agent
tcp,39712,/var/vcap/data/packages/syslog-agent/<GUID>/syslog-agent
tcp,39726,/usr/bin/google_guest_agent
tcp,39726,/var/vcap/data/packages/proxy/<GUID>/bin/proxy
tcp,39742,/var/vcap/data/packages/proxy/<GUID>/bin/proxy
tcp,39766,/var/vcap/data/packages/bosh-dns/<GUID>/bin/bosh-dns
tcp,39836,/var/vcap/data/packages/proxy/<GUID>/bin/proxy
tcp,39866,/var/vcap/data/packages/prom_scraper/<GUID>/prom-scraper
tcp,39920,/var/vcap/data/packages/loggregator_agent/<GUID>/loggregator-agent
tcp,39930,/var/vcap/data/packages/loggregator_agent/<GUID>/loggregator-agent
tcp,39944,/var/vcap/data/packages/loggregator_agent/<GUID>/loggregator-agent
tcp,39946,/var/vcap/data/packages/prom_scraper/<GUID>/prom-scraper
tcp,39948,/var/vcap/data/packages/loggregator_agent/<GUID>/loggregator-agent
tcp,39964,/var/vcap/data/packages/loggregator_agent/<GUID>/loggregator-agent
tcp,39996,/var/vcap/data/packages/bosh-dns/<GUID>/bin/bosh-dns
tcp,40012,/var/vcap/data/packages/openjdk_1.8.0/<GUID>/jre/bin/java
tcp,4002,/var/vcap/data/packages/policy-server/<GUID>/bin/policy-server
tcp,40020,/var/vcap/data/packages/syslog-agent/<GUID>/syslog-agent
tcp,40024,/var/vcap/data/packages/bosh-dns/<GUID>/bin/bosh-dns
tcp,4003,/var/vcap/data/packages/policy-server/<GUID>/bin/policy-server-internal
tcp,40044,/var/vcap/data/packages/prom_scraper/<GUID>/prom-scraper
tcp,40048,/var/vcap/data/packages/prom_scraper/<GUID>/prom-scraper
tcp,40172,/var/vcap/data/packages/doppler/<GUID>/doppler
tcp,40178,/var/vcap/data/packages/loggregator_trafficcontroller/<GUID>/trafficcontroller
tcp,40178,/var/vcap/data/packages/prom_scraper/<GUID>/prom-scraper
tcp,40188,/var/vcap/data/packages/prom_scraper/<GUID>/prom-scraper
tcp,40196,/var/vcap/data/packages/metric_registrar/<GUID>/bin/metric_registrar_log_worker
tcp,40202,/var/vcap/data/packages/metric_registrar/<GUID>/bin/metric_registrar_endpoint_worker
tcp,40212,/var/vcap/data/packages/metric_registrar/<GUID>/bin/metric_registrar_secure_endpoint_worker
tcp,40274,/var/vcap/data/packages/prom_scraper/<GUID>/prom-scraper
tcp,40300,/var/vcap/data/packages/openjdk_1.8.0/<GUID>/jre/bin/java
tcp,40316,/var/vcap/data/packages/prom_scraper/<GUID>/prom-scraper
tcp,40320,/var/vcap/data/packages/reverse_log_proxy/<GUID>/rlp
tcp,40334,/var/vcap/data/packages/proxy/<GUID>/bin/proxy
tcp,40334,/var/vcap/data/packages/reverse_log_proxy/<GUID>/rlp
tcp,40342,/var/vcap/data/packages/reverse_log_proxy/<GUID>/rlp
tcp,40362,/var/vcap/data/packages/bosh-dns/<GUID>/bin/bosh-dns
tcp,40420,/var/vcap/data/packages/forwarder-agent/<GUID>/forwarder-agent
tcp,40438,/var/vcap/data/packages/prom_scraper/<GUID>/prom-scraper
tcp,40478,/var/vcap/data/packages/proxy/<GUID>/bin/proxy
tcp,40482,/var/vcap/data/packages/bosh-dns/<GUID>/bin/bosh-dns
tcp,40498,/var/vcap/data/packages/uaa/<GUID>/jdk/bin/java
tcp,40584,/var/vcap/data/packages/prom_scraper/<GUID>/prom-scraper
tcp,40608,/var/vcap/data/packages/prom_scraper/<GUID>/prom-scraper
tcp,40676,/var/vcap/data/packages/metrics-discovery-registrar/<GUID>/discovery-registrar
tcp,40706,/var/vcap/data/packages/bbs/<GUID>/bin/bbs
tcp,40726,/var/vcap/data/packages/proxy/<GUID>/bin/proxy
tcp,40742,/var/vcap/data/packages/prom_scraper/<GUID>/prom-scraper
tcp,40766,/var/vcap/data/packages/prom_scraper/<GUID>/prom-scraper
tcp,40880,/var/vcap/data/packages/prom_scraper/<GUID>/prom-scraper
tcp,40882,/var/vcap/data/packages/bbs/<GUID>/bin/bbs
tcp,40888,/var/vcap/data/packages/bbs/<GUID>/bin/bbs
tcp,40908,/var/vcap/data/packages/syslog-agent/<GUID>/syslog-agent
tcp,40940,/var/vcap/data/packages/udp-forwarder/<GUID>/udp-forwarder
tcp,40946,/var/vcap/data/packages/prom_scraper/<GUID>/prom-scraper
tcp,40954,/var/vcap/data/packages/statsd_injector/<GUID>/statsd-injector
tcp,41000,/var/vcap/data/packages/prom_scraper/<GUID>/prom-scraper
tcp,41028,/var/vcap/data/packages/metrics-discovery-registrar/<GUID>/discovery-registrar
tcp,4103,/var/vcap/data/packages/silk-controller/<GUID>/bin/silk-controller
tcp,41064,/var/vcap/data/packages/prom_scraper/<GUID>/prom-scraper
tcp,41068,/var/vcap/data/packages/loggregator_agent/<GUID>/loggregator-agent
tcp,41082,/var/vcap/data/packages/loggregator_agent/<GUID>/loggregator-agent
tcp,41098,/var/vcap/data/packages/loggregator_agent/<GUID>/loggregator-agent
tcp,41112,/var/vcap/data/packages/loggregator_agent/<GUID>/loggregator-agent
tcp,41114,/var/vcap/data/packages/prom_scraper/<GUID>/prom-scraper
tcp,41122,/var/vcap/data/packages/loggregator_agent/<GUID>/loggregator-agent
tcp,41134,/var/vcap/data/packages/bosh-dns/<GUID>/bin/bosh-dns
tcp,41140,/var/vcap/data/packages/silk-controller/<GUID>/bin/silk-controller
tcp,41166,/var/vcap/data/packages/reverse_log_proxy_gateway/<GUID>/rlp-gateway
tcp,41272,/var/vcap/data/packages/prom_scraper/<GUID>/prom-scraper
tcp,41356,/var/vcap/data/packages/metric_registrar/<GUID>/bin/metric_registrar_orchestrator
tcp,41360,/var/vcap/data/packages/forwarder-agent/<GUID>/forwarder-agent
tcp,41372,/var/vcap/data/packages/prom_scraper/<GUID>/prom-scraper
tcp,41468,/usr/local/bin/ruby
tcp,41500,/usr/local/bin/ruby
tcp,41518,/var/vcap/data/packages/prom_scraper/<GUID>/prom-scraper
tcp,41534,/var/vcap/data/packages/ruby-3.0/<GUID>/bin/ruby
tcp,41540,/var/vcap/bosh/bin/bosh-agent
tcp,41550,/var/vcap/data/packages/proxy/<GUID>/bin/proxy
tcp,41568,/var/vcap/data/packages/loggregator_agent/<GUID>/loggregator-agent
tcp,41572,/var/vcap/data/packages/loggregator_agent/<GUID>/loggregator-agent
tcp,41586,/var/vcap/data/packages/loggregator_agent/<GUID>/loggregator-agent
tcp,41588,/var/vcap/data/packages/loggregator_agent/<GUID>/loggregator-agent
tcp,41596,/var/vcap/data/packages/loggregator_agent/<GUID>/loggregator-agent
tcp,41596,/var/vcap/data/packages/metrics-discovery-registrar/<GUID>/discovery-registrar
tcp,41660,/var/vcap/data/packages/ruby-3.0/<GUID>/bin/ruby
tcp,41720,/var/vcap/data/packages/metric_registrar/<GUID>/bin/metric_registrar_orchestrator
tcp,41788,/var/vcap/data/packages/proxy/<GUID>/bin/proxy
tcp,41802,/var/vcap/data/packages/proxy/<GUID>/bin/proxy
tcp,41812,/var/vcap/data/packages/proxy/<GUID>/bin/proxy
tcp,41822,/var/vcap/data/packages/proxy/<GUID>/bin/proxy
tcp,41834,/var/vcap/data/packages/proxy/<GUID>/bin/proxy
tcp,41862,/var/vcap/data/packages/loggregator_agent/<GUID>/loggregator-agent
tcp,41918,/var/vcap/data/packages/bosh-dns/<GUID>/bin/bosh-dns
tcp,41956,/var/vcap/data/packages/policy-server/<GUID>/bin/policy-server
tcp,41960,/var/vcap/data/packages/locket/<GUID>/bin/locket
tcp,41968,/var/vcap/data/packages/proxy/<GUID>/bin/proxy
tcp,41972,/var/vcap/data/packages/rep/<GUID>/bin/rep
tcp,42014,/var/vcap/data/packages/prom_scraper/<GUID>/prom-scraper
tcp,42128,/var/vcap/data/packages/prom_scraper/<GUID>/prom-scraper
tcp,42168,/var/vcap/data/packages/prom_scraper/<GUID>/prom-scraper
tcp,42178,/usr/bin/google_guest_agent
tcp,42206,/usr/bin/google_guest_agent
tcp,42208,/var/vcap/bosh/bin/bosh-agent
tcp,4222,/var/vcap/data/packages/nats-server/<GUID>/bin/nats-server
tcp,4222,/var/vcap/data/packages/nats/<GUID>/bin/nats-server
tcp,4223,/var/vcap/data/packages/nats-server/<GUID>/bin/nats-server
tcp,4224,/var/vcap/data/packages/nats-server/<GUID>/bin/nats-server
tcp,4225,/var/vcap/data/packages/nats-server/<GUID>/bin/nats-server
tcp,42336,/var/vcap/data/packages/forwarder-agent/<GUID>/forwarder-agent
tcp,42361,/var/vcap/data/packages/statsd_injector/<GUID>/statsd-injector
tcp,42380,/var/vcap/data/packages/ruby-3.0/<GUID>/bin/ruby
tcp,42392,/var/vcap/data/packages/syslog-agent/<GUID>/syslog-agent
tcp,42418,/var/vcap/data/packages/routing-api/<GUID>/bin/routing-api
tcp,4242,/var/vcap/data/packages/nats-v2-migrate/<GUID>/bin/nats-wrapper
tcp,42424,/var/vcap/data/packages/syslog-agent/<GUID>/syslog-agent
tcp,4243,/var/vcap/data/packages/nats-v2-migrate/<GUID>/bin/nats-wrapper
tcp,42478,/var/vcap/data/packages/prom_scraper/<GUID>/prom-scraper
tcp,42520,/var/vcap/data/packages/prom_scraper/<GUID>/prom-scraper
tcp,42534,/usr/bin/google_guest_agent
tcp,42586,/var/vcap/data/packages/ruby-3.0/<GUID>/bin/ruby
tcp,42718,/var/vcap/data/packages/forwarder-agent/<GUID>/forwarder-agent
tcp,42724,/var/vcap/bosh/bin/bosh-agent
tcp,42778,/var/vcap/bosh/bin/bosh-agent
tcp,42849,/var/vcap/data/packages/reverse_log_proxy/<GUID>/rlp
tcp,42876,/var/vcap/data/packages/forwarder-agent/<GUID>/forwarder-agent
tcp,42958,/var/vcap/data/packages/prom_scraper/<GUID>/prom-scraper
tcp,42958,/var/vcap/data/packages/syslog-agent/<GUID>/syslog-agent
tcp,42986,/var/vcap/data/packages/prom_scraper/<GUID>/prom-scraper
tcp,43014,/var/vcap/data/packages/openjdk_1.8.0/<GUID>/jre/bin/java
tcp,43089,/var/vcap/data/packages/doppler/<GUID>/doppler
tcp,43090,/var/vcap/data/packages/prom_scraper/<GUID>/prom-scraper
tcp,43134,/var/vcap/data/packages/bosh-dns/<GUID>/bin/bosh-dns
tcp,43152,/var/vcap/data/packages/rep/<GUID>/bin/rep
tcp,43208,/var/vcap/data/packages/locket/<GUID>/bin/locket
tcp,43224,/var/vcap/data/packages/bosh-dns/<GUID>/bin/bosh-dns
tcp,43266,/var/vcap/data/packages/proxy/<GUID>/bin/proxy
tcp,43308,/var/vcap/data/packages/forwarder-agent/<GUID>/forwarder-agent
tcp,43312,/var/vcap/data/packages/bosh-dns/<GUID>/bin/bosh-dns
tcp,43314,/var/vcap/data/packages/prom_scraper/<GUID>/prom-scraper
tcp,43348,/var/vcap/data/packages/bosh-dns/<GUID>/bin/bosh-dns
tcp,43372,/var/vcap/data/packages/forwarder-agent/<GUID>/forwarder-agent
tcp,43378,/var/vcap/data/packages/syslog-agent/<GUID>/syslog-agent
tcp,43416,/var/vcap/data/packages/bbs/<GUID>/bin/bbs
tcp,43428,/var/vcap/data/packages/forwarder-agent/<GUID>/forwarder-agent
tcp,43448,/var/vcap/data/packages/bosh-dns/<GUID>/bin/bosh-dns
tcp,43464,/var/vcap/data/packages/log-cache/<GUID>/log-cache
tcp,43484,/var/vcap/data/packages/forwarder-agent/<GUID>/forwarder-agent
tcp,43498,/var/vcap/data/packages/log-cache/<GUID>/log-cache
tcp,43500,/var/vcap/data/packages/log-cache-gateway/<GUID>/log-cache-gateway
tcp,43500,/var/vcap/data/packages/reverse_log_proxy/<GUID>/rlp
tcp,43510,/var/vcap/data/packages/log-cache-syslog-server/<GUID>/log-cache-syslog-server
tcp,43512,/var/vcap/data/packages/reverse_log_proxy/<GUID>/rlp
tcp,43538,/var/vcap/data/packages/bosh-dns/<GUID>/bin/bosh-dns
tcp,43559,/var/vcap/data/packages/reverse_log_proxy_gateway/<GUID>/rlp-gateway
tcp,43626,/usr/bin/google_guest_agent
tcp,43759,/var/vcap/data/packages/loggregator_trafficcontroller/<GUID>/trafficcontroller
tcp,43770,/var/vcap/data/packages/prom_scraper/<GUID>/prom-scraper
tcp,43796,/var/vcap/data/packages/bosh-dns/<GUID>/bin/bosh-dns
tcp,43920,/var/vcap/data/packages/prom_scraper/<GUID>/prom-scraper
tcp,43938,/usr/bin/google_guest_agent
tcp,43938,/var/vcap/data/packages/proxy/<GUID>/bin/proxy
tcp,43956,/var/vcap/data/packages/prom_scraper/<GUID>/prom-scraper
tcp,43972,/var/vcap/data/packages/syslog-agent/<GUID>/syslog-agent
tcp,44020,/var/vcap/data/packages/openjdk_1.8.0/<GUID>/jre/bin/java
tcp,44150,/var/vcap/bosh/bin/bosh-agent
tcp,44176,/var/vcap/data/packages/prom_scraper/<GUID>/prom-scraper
tcp,44188,/var/vcap/data/packages/prom_scraper/<GUID>/prom-scraper
tcp,44232,/var/vcap/data/packages/prom_scraper/<GUID>/prom-scraper
tcp,44256,/var/vcap/data/packages/prom_scraper/<GUID>/prom-scraper
tcp,443,/usr/sbin/nginx
tcp,443,/var/vcap/data/packages/gorouter/<GUID>/bin/gorouter
tcp,44334,/var/vcap/data/packages/route_registrar/<GUID>/bin/route-registrar
tcp,44336,/var/vcap/data/packages/prom_scraper/<GUID>/prom-scraper
tcp,44354,/var/vcap/data/packages/syslog-agent/<GUID>/syslog-agent
tcp,44408,/var/vcap/bosh/bin/bosh-agent
tcp,44410,/var/vcap/data/packages/routing-api/<GUID>/bin/routing-api
tcp,44418,/var/vcap/data/packages/bosh-dns/<GUID>/bin/bosh-dns
tcp,44450,/var/vcap/data/packages/syslog-agent/<GUID>/syslog-agent
tcp,44486,/var/vcap/data/packages/prom_scraper/<GUID>/prom-scraper
tcp,44520,/var/vcap/data/packages/route_registrar/<GUID>/bin/route-registrar
tcp,44526,/var/vcap/data/packages/prom_scraper/<GUID>/prom-scraper
tcp,44526,/var/vcap/data/packages/proxy/<GUID>/bin/proxy
tcp,44532,/var/vcap/data/packages/prom_scraper/<GUID>/prom-scraper
tcp,44538,/var/vcap/data/packages/proxy/<GUID>/bin/proxy
tcp,44552,/var/vcap/data/packages/proxy/<GUID>/bin/proxy
tcp,44558,/var/vcap/data/packages/bosh-dns/<GUID>/bin/bosh-dns
tcp,44580,/var/vcap/data/packages/prom_scraper/<GUID>/prom-scraper
tcp,44624,/var/vcap/data/packages/reverse_log_proxy/<GUID>/rlp
tcp,44630,/var/vcap/data/packages/reverse_log_proxy/<GUID>/rlp
tcp,44634,/var/vcap/data/packages/reverse_log_proxy/<GUID>/rlp
tcp,44640,/var/vcap/data/packages/loggregator_trafficcontroller/<GUID>/trafficcontroller
tcp,44644,/var/vcap/data/packages/reverse_log_proxy/<GUID>/rlp
tcp,44720,/var/vcap/data/packages/forwarder-agent/<GUID>/forwarder-agent
tcp,44732,/var/vcap/data/packages/prom_scraper/<GUID>/prom-scraper
tcp,44824,/var/vcap/bosh/bin/bosh-agent
tcp,44882,/var/vcap/data/packages/prom_scraper/<GUID>/prom-scraper
tcp,44894,/usr/bin/google_guest_agent
tcp,44916,/var/vcap/data/packages/prom_scraper/<GUID>/prom-scraper
tcp,44948,/var/vcap/data/packages/forwarder-agent/<GUID>/forwarder-agent
tcp,45014,/var/vcap/bosh/bin/bosh-agent
tcp,45016,/var/vcap/data/packages/forwarder-agent/<GUID>/forwarder-agent
tcp,45062,/var/vcap/bosh/bin/bosh-agent
tcp,45066,/var/vcap/data/packages/openjdk_1.8.0/<GUID>/jre/bin/java
tcp,45146,/var/vcap/data/packages/bosh-dns/<GUID>/bin/bosh-dns
tcp,45156,/var/vcap/data/packages/bbs/<GUID>/bin/bbs
tcp,45172,/var/vcap/data/packages/forwarder-agent/<GUID>/forwarder-agent
tcp,45180,/var/vcap/data/packages/prom_scraper/<GUID>/prom-scraper
tcp,45186,/var/vcap/data/packages/prom_scraper/<GUID>/prom-scraper
tcp,45220,/var/vcap/data/packages/director-ruby-3.2/<GUID>/bin/ruby
tcp,45220,/var/vcap/data/packages/tps/<GUID>/bin/tps-watcher
tcp,45252,/var/vcap/data/packages/prom_scraper/<GUID>/prom-scraper
tcp,45316,/var/vcap/data/packages/bosh-dns/<GUID>/bin/bosh-dns
tcp,45326,/var/vcap/data/packages/forwarder-agent/<GUID>/forwarder-agent
tcp,45328,/var/vcap/data/packages/log-cache/<GUID>/log-cache
tcp,45334,/var/vcap/data/packages/forwarder-agent/<GUID>/forwarder-agent
tcp,45342,/var/vcap/data/packages/syslog-agent/<GUID>/syslog-agent
tcp,45372,/var/vcap/data/packages/prom_scraper/<GUID>/prom-scraper
tcp,45382,/usr/bin/google_guest_agent
tcp,45390,/var/vcap/data/packages/prom_scraper/<GUID>/prom-scraper
tcp,45418,/var/vcap/data/packages/rep/<GUID>/bin/rep
tcp,45420,/var/vcap/data/packages/proxy/<GUID>/bin/proxy
tcp,45432,/var/vcap/data/packages/syslog-agent/<GUID>/syslog-agent
tcp,45480,/var/vcap/data/packages/bosh-dns/<GUID>/bin/bosh-dns
tcp,45576,/var/vcap/data/packages/prom_scraper/<GUID>/prom-scraper
tcp,45642,/var/vcap/data/packages/bosh-dns/<GUID>/bin/bosh-dns
tcp,45652,/var/vcap/data/packages/prom_scraper/<GUID>/prom-scraper
tcp,4567,/var/vcap/data/packages/pxc/<GUID>/bin/mysqld
tcp,45698,/usr/bin/google_guest_agent
tcp,45704,/var/vcap/data/packages/prom_scraper/<GUID>/prom-scraper
tcp,45712,/var/vcap/data/packages/metrics-discovery-registrar/<GUID>/discovery-registrar
tcp,45735,/var/vcap/data/packages/bosh-system-metrics-forwarder/<GUID>/bosh-system-metrics-forwarder
tcp,45784,/var/vcap/data/packages/bosh-dns/<GUID>/bin/bosh-dns
tcp,45826,/var/vcap/data/packages/ruby-3.0/<GUID>/bin/ruby
tcp,45846,/var/vcap/data/packages/openjdk_1.8.0/<GUID>/jre/bin/java
tcp,45856,/var/vcap/data/packages/director-ruby-3.2/<GUID>/bin/ruby
tcp,45864,/var/vcap/data/packages/director-ruby-3.2/<GUID>/bin/ruby
tcp,45872,/var/vcap/data/packages/reverse_log_proxy/<GUID>/rlp
tcp,45874,/var/vcap/data/packages/director-ruby-3.2/<GUID>/bin/ruby
tcp,45888,/var/vcap/data/packages/reverse_log_proxy/<GUID>/rlp
tcp,45896,/var/vcap/data/packages/reverse_log_proxy/<GUID>/rlp
tcp,45904,/usr/bin/google_guest_agent
tcp,45998,/var/vcap/data/packages/prom_scraper/<GUID>/prom-scraper
tcp,46014,/var/vcap/data/packages/log-cache/<GUID>/log-cache
tcp,46018,/var/vcap/data/packages/forwarder-agent/<GUID>/forwarder-agent
tcp,46036,/var/vcap/data/packages/openjdk_1.8.0/<GUID>/jre/bin/java
tcp,46040,/var/vcap/data/packages/openjdk_1.8.0/<GUID>/jre/bin/java
tcp,46062,/var/vcap/data/packages/loggregator_agent/<GUID>/loggregator-agent
tcp,46066,/var/vcap/data/packages/bosh-dns/<GUID>/bin/bosh-dns
tcp,46066,/var/vcap/data/packages/loggregator_agent/<GUID>/loggregator-agent
tcp,46068,/var/vcap/data/packages/loggregator_agent/<GUID>/loggregator-agent
tcp,46080,/var/vcap/data/packages/loggregator_agent/<GUID>/loggregator-agent
tcp,46094,/var/vcap/data/packages/loggregator_agent/<GUID>/loggregator-agent
tcp,46110,/var/vcap/data/packages/loggregator_agent/<GUID>/loggregator-agent
tcp,46200,/var/vcap/data/packages/openjdk_1.8.0/<GUID>/jre/bin/java
tcp,46218,/var/vcap/data/packages/forwarder-agent/<GUID>/forwarder-agent
tcp,46268,/var/vcap/data/packages/forwarder-agent/<GUID>/forwarder-agent
tcp,46307,/var/vcap/data/packages/bosh-system-metrics-forwarder/<GUID>/bosh-system-metrics-forwarder
tcp,46386,/var/vcap/data/packages/metric-scraper/<GUID>/metric-scraper
tcp,46424,/var/vcap/data/packages/prom_scraper/<GUID>/prom-scraper
tcp,46428,/var/vcap/data/packages/statsd_injector/<GUID>/statsd-injector
tcp,46455,/var/vcap/data/packages/silk-controller/<GUID>/bin/silk-controller
tcp,46476,/var/vcap/data/packages/prom_scraper/<GUID>/prom-scraper
tcp,46520,/var/vcap/data/packages/reverse_log_proxy/<GUID>/rlp
tcp,46534,/var/vcap/data/packages/reverse_log_proxy/<GUID>/rlp
tcp,46542,/var/vcap/data/packages/reverse_log_proxy/<GUID>/rlp
tcp,46546,/var/vcap/data/packages/reverse_log_proxy/<GUID>/rlp
tcp,46546,/var/vcap/data/packages/route_registrar/<GUID>/bin/route-registrar
tcp,46644,/var/vcap/data/packages/prom_scraper/<GUID>/prom-scraper
tcp,46668,/usr/bin/google_guest_agent
tcp,46670,/var/vcap/data/packages/proxy/<GUID>/bin/proxy
tcp,46680,/var/vcap/data/packages/proxy/<GUID>/bin/proxy
tcp,46744,/var/vcap/data/packages/forwarder-agent/<GUID>/forwarder-agent
tcp,46764,/var/vcap/data/packages/prom_scraper/<GUID>/prom-scraper
tcp,46952,/usr/bin/google_guest_agent
tcp,47056,/var/vcap/data/packages/bosh-dns/<GUID>/bin/bosh-dns
tcp,47180,/var/vcap/data/packages/prom_scraper/<GUID>/prom-scraper
tcp,47182,/var/vcap/data/packages/prom_scraper/<GUID>/prom-scraper
tcp,47206,/var/vcap/data/packages/prom_scraper/<GUID>/prom-scraper
tcp,47232,/var/vcap/data/packages/syslog-agent/<GUID>/syslog-agent
tcp,47242,/var/vcap/data/packages/prom_scraper/<GUID>/prom-scraper
tcp,47244,/var/vcap/data/packages/forwarder-agent/<GUID>/forwarder-agent
tcp,47294,/var/vcap/data/packages/metric-scraper/<GUID>/metric-scraper
tcp,47318,/var/vcap/data/packages/bbs/<GUID>/bin/bbs
tcp,47326,/var/vcap/data/packages/loggregator_agent/<GUID>/loggregator-agent
tcp,47340,/var/vcap/data/packages/loggregator_agent/<GUID>/loggregator-agent
tcp,47350,/var/vcap/data/packages/loggregator_agent/<GUID>/loggregator-agent
tcp,47354,/var/vcap/data/packages/loggregator_agent/<GUID>/loggregator-agent
tcp,47358,/var/vcap/data/packages/loggregator_agent/<GUID>/loggregator-agent
tcp,47430,/var/vcap/data/packages/metrics-discovery-registrar/<GUID>/discovery-registrar
tcp,47460,/var/vcap/data/packages/loggregator_agent/<GUID>/loggregator-agent
tcp,47476,/var/vcap/bosh/bin/bosh-agent
tcp,47486,/var/vcap/data/packages/forwarder-agent/<GUID>/forwarder-agent
tcp,47528,/var/vcap/data/packages/tps/<GUID>/bin/tps-watcher
tcp,47558,/var/vcap/data/packages/ruby-3.0/<GUID>/bin/ruby
tcp,47578,/var/vcap/data/packages/bosh-dns/<GUID>/bin/bosh-dns
tcp,47620,/var/vcap/data/packages/syslog-agent/<GUID>/syslog-agent
tcp,47644,/var/vcap/data/packages/prom_scraper/<GUID>/prom-scraper
tcp,47648,/var/vcap/data/packages/syslog-agent/<GUID>/syslog-agent
tcp,47682,/var/vcap/data/packages/loggregator_agent/<GUID>/loggregator-agent
tcp,47694,/var/vcap/data/packages/loggregator_agent/<GUID>/loggregator-agent
tcp,47696,/var/vcap/data/packages/loggregator_agent/<GUID>/loggregator-agent
tcp,47710,/var/vcap/data/packages/loggregator_agent/<GUID>/loggregator-agent
tcp,47720,/var/vcap/data/packages/loggregator_agent/<GUID>/loggregator-agent
tcp,47730,/var/vcap/data/packages/forwarder-agent/<GUID>/forwarder-agent
tcp,47804,/var/vcap/data/packages/bosh-dns/<GUID>/bin/bosh-dns
tcp,47812,/var/vcap/data/packages/syslog-agent/<GUID>/syslog-agent
tcp,47848,/var/vcap/data/packages/prom_scraper/<GUID>/prom-scraper
tcp,48016,/var/vcap/data/packages/prom_scraper/<GUID>/prom-scraper
tcp,48028,/usr/bin/google_guest_agent
tcp,48028,/var/vcap/data/packages/loggregator_agent/<GUID>/loggregator-agent
tcp,48042,/var/vcap/data/packages/loggregator_agent/<GUID>/loggregator-agent
tcp,48058,/var/vcap/data/packages/loggregator_agent/<GUID>/loggregator-agent
tcp,48074,/var/vcap/data/packages/loggregator_agent/<GUID>/loggregator-agent
tcp,48084,/var/vcap/data/packages/loggregator_agent/<GUID>/loggregator-agent
tcp,48088,/var/vcap/data/packages/prom_scraper/<GUID>/prom-scraper
tcp,48126,/var/vcap/data/packages/log-cache-gateway/<GUID>/log-cache-gateway
tcp,48134,/var/vcap/data/packages/log-cache-syslog-server/<GUID>/log-cache-syslog-server
tcp,48216,/var/vcap/data/packages/syslog-agent/<GUID>/syslog-agent
tcp,48218,/usr/bin/google_guest_agent
tcp,48320,/var/vcap/data/packages/loggregator_agent/<GUID>/loggregator-agent
tcp,48334,/usr/bin/google_guest_agent
tcp,48334,/var/vcap/data/packages/loggregator_agent/<GUID>/loggregator-agent
tcp,48348,/var/vcap/data/packages/reverse_log_proxy/<GUID>/rlp
tcp,48374,/var/vcap/data/packages/prom_scraper/<GUID>/prom-scraper
tcp,48378,/var/vcap/data/packages/route_registrar/<GUID>/bin/route-registrar
tcp,48432,/var/vcap/data/packages/loggregator_agent/<GUID>/loggregator-agent
tcp,48436,/var/vcap/data/packages/loggregator_agent/<GUID>/loggregator-agent
tcp,48446,/var/vcap/data/packages/loggregator_agent/<GUID>/loggregator-agent
tcp,48448,/var/vcap/data/packages/loggregator_agent/<GUID>/loggregator-agent
tcp,48454,/var/vcap/data/packages/proxy/<GUID>/bin/proxy
tcp,48460,/var/vcap/data/packages/proxy/<GUID>/bin/proxy
tcp,48462,/var/vcap/data/packages/ruby-3.0/<GUID>/bin/ruby
tcp,48464,/var/vcap/data/packages/loggregator_agent/<GUID>/loggregator-agent
tcp,48484,/var/vcap/data/packages/auctioneer/<GUID>/bin/auctioneer
tcp,48490,/var/vcap/data/packages/file_server/<GUID>/bin/file-server
tcp,48506,/var/vcap/data/packages/ssh_proxy/<GUID>/bin/ssh-proxy
tcp,48510,/var/vcap/data/packages/bosh-dns/<GUID>/bin/bosh-dns
tcp,48544,/var/vcap/bosh/bin/bosh-agent
tcp,48556,/var/vcap/data/packages/openjdk_1.8.0/<GUID>/jre/bin/java
tcp,48560,/var/vcap/data/packages/forwarder-agent/<GUID>/forwarder-agent
tcp,48708,/var/vcap/data/packages/prom_scraper/<GUID>/prom-scraper
tcp,48718,/var/vcap/data/packages/ruby-3.0/<GUID>/bin/ruby
tcp,48758,/var/vcap/data/packages/openjdk_1.8.0/<GUID>/jre/bin/java
tcp,48818,/usr/bin/google_guest_agent
tcp,48916,/var/vcap/data/packages/forwarder-agent/<GUID>/forwarder-agent
tcp,48920,/var/vcap/data/packages/routing-api/<GUID>/bin/routing-api
tcp,48940,/home/tempest-web/uaa/jdk/bin/java
tcp,49022,/var/vcap/data/packages/syslog-agent/<GUID>/syslog-agent
tcp,49154,/var/vcap/data/packages/prom_scraper/<GUID>/prom-scraper
tcp,49186,/var/vcap/data/packages/metric_registrar/<GUID>/bin/metric_registrar_orchestrator
tcp,49202,/var/vcap/data/packages/forwarder-agent/<GUID>/forwarder-agent
tcp,49318,/var/vcap/data/packages/prom_scraper/<GUID>/prom-scraper
tcp,49410,/usr/bin/google_guest_agent
tcp,49416,/var/vcap/data/packages/forwarder-agent/<GUID>/forwarder-agent
tcp,49440,/var/vcap/data/packages/prom_scraper/<GUID>/prom-scraper
tcp,49464,/var/vcap/data/packages/forwarder-agent/<GUID>/forwarder-agent
tcp,49488,/var/vcap/data/packages/syslog-agent/<GUID>/syslog-agent
tcp,49498,/var/vcap/data/packages/reverse_log_proxy/<GUID>/rlp
tcp,49502,/var/vcap/data/packages/syslog-agent/<GUID>/syslog-agent
tcp,49504,/var/vcap/data/packages/reverse_log_proxy/<GUID>/rlp
tcp,49526,/var/vcap/data/packages/prom_scraper/<GUID>/prom-scraper
tcp,49596,/var/vcap/data/packages/prom_scraper/<GUID>/prom-scraper
tcp,49608,/var/vcap/data/packages/prom_scraper/<GUID>/prom-scraper
tcp,49668,/var/vcap/data/packages/forwarder-agent/<GUID>/forwarder-agent
tcp,49672,/var/vcap/data/packages/prom_scraper/<GUID>/prom-scraper
tcp,49694,/var/vcap/data/packages/proxy/<GUID>/bin/proxy
tcp,49704,/var/vcap/data/packages/prom_scraper/<GUID>/prom-scraper
tcp,49724,/var/vcap/data/packages/bosh-dns/<GUID>/bin/bosh-dns
tcp,49820,/var/vcap/data/packages/bosh-dns/<GUID>/bin/bosh-dns
tcp,49822,/usr/bin/google_guest_agent
tcp,49914,/var/vcap/data/packages/forwarder-agent/<GUID>/forwarder-agent
tcp,49926,/var/vcap/data/packages/prom_scraper/<GUID>/prom-scraper
tcp,49942,/var/vcap/data/packages/proxy/<GUID>/bin/proxy
tcp,49964,/var/vcap/data/packages/ruby-3.0/<GUID>/bin/ruby
tcp,49996,/var/vcap/data/packages/metrics-discovery-registrar/<GUID>/discovery-registrar
tcp,50010,/var/vcap/data/packages/bosh-system-metrics-forwarder/<GUID>/bosh-system-metrics-forwarder
tcp,50076,/var/vcap/bosh/bin/bosh-agent
tcp,50078,/var/vcap/data/packages/prom_scraper/<GUID>/prom-scraper
tcp,50118,/var/vcap/data/packages/bosh-dns/<GUID>/bin/bosh-dns
tcp,50130,/var/vcap/data/packages/prom_scraper/<GUID>/prom-scraper
tcp,50158,/var/vcap/data/packages/prom_scraper/<GUID>/prom-scraper
tcp,50186,/var/vcap/data/packages/forwarder-agent/<GUID>/forwarder-agent
tcp,50192,/usr/bin/google_guest_agent
tcp,50204,/var/vcap/data/packages/bbs/<GUID>/bin/bbs
tcp,50240,/var/vcap/data/packages/openjdk_1.8.0/<GUID>/jre/bin/java
tcp,50272,/var/vcap/data/packages/forwarder-agent/<GUID>/forwarder-agent
tcp,50292,/usr/bin/google_guest_agent
tcp,50450,/var/vcap/data/packages/prom_scraper/<GUID>/prom-scraper
tcp,50452,/usr/bin/google_guest_agent
tcp,50454,/var/vcap/data/packages/openjdk_1.8.0/<GUID>/jre/bin/java
tcp,50520,/var/vcap/data/packages/openjdk_1.8.0/<GUID>/jre/bin/java
tcp,50526,/var/vcap/data/packages/openjdk_1.8.0/<GUID>/jre/bin/java
tcp,50526,/var/vcap/data/packages/prom_scraper/<GUID>/prom-scraper
tcp,50560,/var/vcap/data/packages/bosh-dns/<GUID>/bin/bosh-dns
tcp,50686,/var/vcap/data/packages/proxy/<GUID>/bin/proxy
tcp,50694,/var/vcap/data/packages/syslog-agent/<GUID>/syslog-agent
tcp,50708,/var/vcap/data/packages/loggregator_agent/<GUID>/loggregator-agent
tcp,50724,/var/vcap/data/packages/loggregator_agent/<GUID>/loggregator-agent
tcp,50730,/var/vcap/data/packages/prom_scraper/<GUID>/prom-scraper
tcp,50736,/var/vcap/data/packages/loggregator_agent/<GUID>/loggregator-agent
tcp,50744,/var/vcap/data/packages/syslog-agent/<GUID>/syslog-agent
tcp,50750,/var/vcap/data/packages/loggregator_agent/<GUID>/loggregator-agent
tcp,50750,/var/vcap/data/packages/route_emitter/<GUID>/bin/route-emitter
tcp,50754,/var/vcap/data/packages/loggregator_agent/<GUID>/loggregator-agent
tcp,50762,/usr/bin/google_guest_agent
tcp,50764,/var/vcap/data/packages/route_emitter/<GUID>/bin/route-emitter
tcp,50768,/var/vcap/data/packages/prom_scraper/<GUID>/prom-scraper
tcp,50768,/var/vcap/data/packages/udp-forwarder/<GUID>/udp-forwarder
tcp,50776,/var/vcap/data/packages/prom_scraper/<GUID>/prom-scraper
tcp,50778,/var/vcap/data/packages/route_emitter/<GUID>/bin/route-emitter
tcp,50790,/var/vcap/data/packages/locket/<GUID>/bin/locket
tcp,50874,/var/vcap/data/packages/forwarder-agent/<GUID>/forwarder-agent
tcp,50884,/var/vcap/data/packages/reverse_log_proxy/<GUID>/rlp
tcp,50886,/var/vcap/data/packages/reverse_log_proxy/<GUID>/rlp
tcp,50888,/var/vcap/data/packages/reverse_log_proxy/<GUID>/rlp
tcp,50890,/var/vcap/bosh/bin/bosh-agent
tcp,50894,/var/vcap/data/packages/rep/<GUID>/bin/rep
tcp,50900,/var/vcap/data/packages/reverse_log_proxy/<GUID>/rlp
tcp,50900,/var/vcap/data/packages/route_emitter/<GUID>/bin/route-emitter
tcp,50918,/var/vcap/bosh/bin/bosh-agent
tcp,50946,/var/vcap/data/packages/reverse_log_proxy/<GUID>/rlp
tcp,50952,/var/vcap/data/packages/prom_scraper/<GUID>/prom-scraper
tcp,50958,/var/vcap/data/packages/bbs/<GUID>/bin/bbs
tcp,51036,/var/vcap/data/packages/loggregator_agent/<GUID>/loggregator-agent
tcp,51056,/var/vcap/data/packages/routing-api/<GUID>/bin/routing-api
tcp,51066,/var/vcap/data/packages/director-ruby-3.2/<GUID>/bin/ruby
tcp,51136,/var/vcap/data/packages/prom_scraper/<GUID>/prom-scraper
tcp,51156,/var/vcap/data/packages/prom_scraper/<GUID>/prom-scraper
tcp,51232,/var/vcap/data/packages/ruby-3.0/<GUID>/bin/ruby
tcp,51254,/var/vcap/data/packages/reverse_log_proxy/<GUID>/rlp
tcp,51270,/var/vcap/data/packages/reverse_log_proxy/<GUID>/rlp
tcp,51338,/var/vcap/bosh/bin/bosh-agent
tcp,51372,/var/vcap/data/packages/proxy/<GUID>/bin/proxy
tcp,51396,/var/vcap/data/packages/syslog-agent/<GUID>/syslog-agent
tcp,51412,/var/vcap/data/packages/prom_scraper/<GUID>/prom-scraper
tcp,51522,/var/vcap/data/packages/bosh-dns/<GUID>/bin/bosh-dns
tcp,51542,/var/vcap/data/packages/forwarder-agent/<GUID>/forwarder-agent
tcp,51564,/var/vcap/data/packages/prom_scraper/<GUID>/prom-scraper
tcp,51596,/var/vcap/data/packages/proxy/<GUID>/bin/proxy
tcp,51704,/var/vcap/data/packages/prom_scraper/<GUID>/prom-scraper
tcp,51720,/var/vcap/data/packages/syslog-agent/<GUID>/syslog-agent
tcp,51764,/var/vcap/data/packages/bosh-dns/<GUID>/bin/bosh-dns
tcp,51766,/var/vcap/data/packages/bosh-dns/<GUID>/bin/bosh-dns
tcp,51788,/var/vcap/data/packages/metric_registrar/<GUID>/bin/metric_registrar_orchestrator
tcp,51802,/var/vcap/data/packages/bosh-dns/<GUID>/bin/bosh-dns
tcp,51908,/var/vcap/data/packages/prom_scraper/<GUID>/prom-scraper
tcp,51920,/var/vcap/data/packages/rep/<GUID>/bin/rep
tcp,51938,/var/vcap/data/packages/uaa/<GUID>/jdk/bin/java
tcp,51942,/var/vcap/data/packages/prom_scraper/<GUID>/prom-scraper
tcp,52012,/usr/bin/google_guest_agent
tcp,52070,/var/vcap/data/packages/prom_scraper/<GUID>/prom-scraper
tcp,52084,/var/vcap/data/packages/prom_scraper/<GUID>/prom-scraper
tcp,52108,/var/vcap/data/packages/forwarder-agent/<GUID>/forwarder-agent
tcp,52118,/var/vcap/data/packages/reverse_log_proxy/<GUID>/rlp
tcp,52126,/var/vcap/data/packages/reverse_log_proxy/<GUID>/rlp
tcp,52146,/var/vcap/data/packages/openjdk_1.8.0/<GUID>/jre/bin/java
tcp,52180,/var/vcap/data/packages/syslog-agent/<GUID>/syslog-agent
tcp,52238,/usr/bin/google_guest_agent
tcp,52254,/var/vcap/data/packages/proxy/<GUID>/bin/proxy
tcp,52264,/var/vcap/data/packages/proxy/<GUID>/bin/proxy
tcp,52282,/usr/bin/google_guest_agent
tcp,52378,/var/vcap/data/packages/loggregator_agent/<GUID>/loggregator-agent
tcp,52386,/var/vcap/data/packages/forwarder-agent/<GUID>/forwarder-agent
tcp,52388,/var/vcap/data/packages/loggregator_agent/<GUID>/loggregator-agent
tcp,52404,/var/vcap/data/packages/loggregator_agent/<GUID>/loggregator-agent
tcp,52420,/var/vcap/data/packages/loggregator_agent/<GUID>/loggregator-agent
tcp,52424,/var/vcap/data/packages/vxlan-policy-agent/<GUID>/bin/vxlan-policy-agent
tcp,52430,/var/vcap/data/packages/loggregator_agent/<GUID>/loggregator-agent
tcp,52528,/var/vcap/data/packages/prom_scraper/<GUID>/prom-scraper
tcp,52626,/var/vcap/data/packages/syslog-agent/<GUID>/syslog-agent
tcp,52628,/var/vcap/data/packages/cf-networking-healthchecker/<GUID>/bin/healthchecker
tcp,52708,/var/vcap/data/packages/bosh-dns/<GUID>/bin/bosh-dns
tcp,52752,/var/vcap/data/packages/prom_scraper/<GUID>/prom-scraper
tcp,52762,/var/vcap/data/packages/proxy/<GUID>/bin/proxy
tcp,52764,/var/vcap/data/packages/proxy/<GUID>/bin/proxy
tcp,52794,/var/vcap/data/packages/prom_scraper/<GUID>/prom-scraper
tcp,52800,/var/vcap/data/packages/syslog-agent/<GUID>/syslog-agent
tcp,52806,/var/vcap/data/packages/bosh-dns/<GUID>/bin/bosh-dns
tcp,52830,/usr/bin/google_guest_agent
tcp,52886,/usr/bin/google_guest_agent
tcp,52932,/var/vcap/data/packages/proxy/<GUID>/bin/proxy
tcp,52994,/var/vcap/data/packages/prom_scraper/<GUID>/prom-scraper
tcp,53,/var/vcap/data/packages/bosh-dns/<GUID>/bin/bosh-dns
tcp,53014,/var/vcap/data/packages/prom_scraper/<GUID>/prom-scraper
tcp,53014,/var/vcap/data/packages/proxy/<GUID>/bin/proxy
tcp,53024,/var/vcap/data/packages/openjdk_1.8.0/<GUID>/jre/bin/java
tcp,53035,/var/vcap/data/packages/system-metrics-agent/<GUID>/system-metrics-agent
tcp,53080,/var/vcap/data/packages/bosh-dns/<GUID>/bin/bosh-dns
tcp,53104,/var/vcap/data/packages/prom_scraper/<GUID>/prom-scraper
tcp,53116,/var/vcap/data/packages/system-metrics-plugin/<GUID>/system-metrics-plugin
tcp,53142,/var/vcap/data/packages/route_emitter/<GUID>/bin/route-emitter
tcp,53236,/var/vcap/data/packages/loggregator_agent/<GUID>/loggregator-agent
tcp,53250,/var/vcap/data/packages/loggregator_agent/<GUID>/loggregator-agent
tcp,53260,/var/vcap/data/packages/loggregator_agent/<GUID>/loggregator-agent
tcp,53264,/var/vcap/data/packages/loggregator_agent/<GUID>/loggregator-agent
tcp,53272,/var/vcap/data/packages/loggregator_agent/<GUID>/loggregator-agent
tcp,53314,/var/vcap/data/packages/prom_scraper/<GUID>/prom-scraper
tcp,53348,/var/vcap/data/packages/forwarder-agent/<GUID>/forwarder-agent
tcp,53368,/usr/bin/google_guest_agent
tcp,53368,/var/vcap/data/packages/ruby-3.0/<GUID>/bin/ruby
tcp,53414,/var/vcap/data/packages/syslog-agent/<GUID>/syslog-agent
tcp,53426,/var/vcap/data/packages/prom_scraper/<GUID>/prom-scraper
tcp,53462,/usr/bin/google_guest_agent
tcp,53480,/var/vcap/data/packages/prom_scraper/<GUID>/prom-scraper
tcp,53498,/var/vcap/data/packages/forwarder-agent/<GUID>/forwarder-agent
tcp,53550,/var/vcap/data/packages/forwarder-agent/<GUID>/forwarder-agent
tcp,53568,/var/vcap/data/packages/gorouter/<GUID>/bin/gorouter
tcp,53588,/var/vcap/data/packages/route_registrar/<GUID>/bin/route-registrar
tcp,53590,/var/vcap/data/packages/openjdk_1.8.0/<GUID>/jre/bin/java
tcp,53592,/var/vcap/data/packages/prom_scraper/<GUID>/prom-scraper
tcp,53600,/var/vcap/data/packages/prom_scraper/<GUID>/prom-scraper
tcp,53604,/var/vcap/data/packages/reverse_log_proxy/<GUID>/rlp
tcp,53620,/var/vcap/data/packages/reverse_log_proxy/<GUID>/rlp
tcp,53626,/var/vcap/data/packages/reverse_log_proxy/<GUID>/rlp
tcp,53634,/var/vcap/data/packages/reverse_log_proxy/<GUID>/rlp
tcp,53636,/var/vcap/data/packages/forwarder-agent/<GUID>/forwarder-agent
tcp,53650,/var/vcap/data/packages/metrics-discovery-registrar/<GUID>/discovery-registrar
tcp,53652,/var/vcap/data/packages/bbs/<GUID>/bin/bbs
tcp,53666,/var/vcap/data/packages/bbs/<GUID>/bin/bbs
tcp,53672,/var/vcap/data/packages/prom_scraper/<GUID>/prom-scraper
tcp,53690,/var/vcap/data/packages/ruby-3.0/<GUID>/bin/ruby
tcp,53722,/var/vcap/data/packages/proxy/<GUID>/bin/proxy
tcp,53770,/var/vcap/data/packages/metrics-discovery-registrar/<GUID>/discovery-registrar
tcp,53774,/var/vcap/data/packages/prom_scraper/<GUID>/prom-scraper
tcp,53788,/var/vcap/data/packages/openjdk_1.8.0/<GUID>/jre/bin/java
tcp,53820,/var/vcap/data/packages/director-ruby-3.2/<GUID>/bin/ruby
tcp,53826,/var/vcap/data/packages/openjdk_1.8.0/<GUID>/jre/bin/java
tcp,53828,/usr/bin/google_guest_agent
tcp,53828,/var/vcap/data/packages/director-ruby-3.2/<GUID>/bin/ruby
tcp,53838,/var/vcap/data/packages/openjdk_1.8.0/<GUID>/jre/bin/java
tcp,53844,/var/vcap/data/packages/director-ruby-3.2/<GUID>/bin/ruby
tcp,53844,/var/vcap/data/packages/openjdk_1.8.0/<GUID>/jre/bin/java
tcp,53876,/var/vcap/data/packages/reverse_log_proxy/<GUID>/rlp
tcp,53956,/var/vcap/data/packages/loggregator_agent/<GUID>/loggregator-agent
tcp,53960,/var/vcap/data/packages/loggregator_agent/<GUID>/loggregator-agent
tcp,53962,/var/vcap/data/packages/loggregator_agent/<GUID>/loggregator-agent
tcp,53976,/var/vcap/data/packages/loggregator_agent/<GUID>/loggregator-agent
tcp,53980,/var/vcap/data/packages/loggregator_agent/<GUID>/loggregator-agent
tcp,53980,/var/vcap/data/packages/reverse_log_proxy/<GUID>/rlp
tcp,53982,/var/vcap/data/packages/bbs/<GUID>/bin/bbs
tcp,53984,/var/vcap/data/packages/reverse_log_proxy/<GUID>/rlp
tcp,53996,/var/vcap/data/packages/reverse_log_proxy/<GUID>/rlp
tcp,54020,/var/vcap/data/packages/metrics-discovery-registrar/<GUID>/discovery-registrar
tcp,54052,/var/vcap/data/packages/syslog-agent/<GUID>/syslog-agent
tcp,54072,/var/vcap/data/packages/service-discovery-controller/<GUID>/bin/service-discovery-controller
tcp,54124,/var/vcap/bosh/bin/bosh-agent
tcp,54126,/var/vcap/data/packages/prom_scraper/<GUID>/prom-scraper
tcp,54154,/var/vcap/data/packages/reverse_log_proxy/<GUID>/rlp
tcp,54200,/var/vcap/data/packages/prom_scraper/<GUID>/prom-scraper
tcp,54222,/var/vcap/data/packages/prom_scraper/<GUID>/prom-scraper
tcp,54230,/var/vcap/data/packages/openjdk_1.8.0/<GUID>/jre/bin/java
tcp,54236,/var/vcap/data/packages/forwarder-agent/<GUID>/forwarder-agent
tcp,54244,/var/vcap/data/packages/syslog-agent/<GUID>/syslog-agent
tcp,5432,/usr/local/bin/postgres
tcp,5432,/var/vcap/data/packages/postgres-13/<GUID>/bin/postgres
tcp,54326,/var/vcap/data/packages/openjdk_1.8.0/<GUID>/jre/bin/java
tcp,54386,/var/vcap/data/packages/statsd_injector/<GUID>/statsd-injector
tcp,54504,/var/vcap/data/packages/forwarder-agent/<GUID>/forwarder-agent
tcp,54528,/var/vcap/bosh/bin/bosh-agent
tcp,54558,/var/vcap/data/packages/metrics-discovery-registrar/<GUID>/discovery-registrar
tcp,54576,/var/vcap/data/packages/prom_scraper/<GUID>/prom-scraper
tcp,54632,/var/vcap/data/packages/bosh-dns/<GUID>/bin/bosh-dns
tcp,54632,/var/vcap/data/packages/loggregator_trafficcontroller/<GUID>/trafficcontroller
tcp,54636,/var/vcap/data/packages/bosh-dns/<GUID>/bin/bosh-dns
tcp,54744,/var/vcap/data/packages/proxy/<GUID>/bin/proxy
tcp,54774,/var/vcap/data/packages/prom_scraper/<GUID>/prom-scraper
tcp,54778,/var/vcap/data/packages/metric_registrar/<GUID>/bin/metric_registrar_orchestrator
tcp,54782,/var/vcap/data/packages/statsd_injector/<GUID>/statsd-injector
tcp,54866,/home/tempest-web/uaa/jdk/bin/java
tcp,54884,/var/vcap/data/packages/proxy/<GUID>/bin/proxy
tcp,54950,/var/vcap/data/packages/bosh-dns/<GUID>/bin/bosh-dns
tcp,54992,/var/vcap/bosh/bin/bosh-agent
tcp,55010,/var/vcap/data/packages/metrics-discovery-registrar/<GUID>/discovery-registrar
tcp,55014,/var/vcap/data/packages/metric-scraper/<GUID>/metric-scraper
tcp,55028,/usr/bin/google_guest_agent
tcp,55062,/var/vcap/data/packages/forwarder-agent/<GUID>/forwarder-agent
tcp,55094,/var/vcap/data/packages/prom_scraper/<GUID>/prom-scraper
tcp,55132,/var/vcap/data/packages/log-cache/<GUID>/log-cache
tcp,55178,/var/vcap/data/packages/syslog-agent/<GUID>/syslog-agent
tcp,55236,/var/vcap/data/packages/ruby-3.0/<GUID>/bin/ruby
tcp,55242,/var/vcap/data/packages/proxy/<GUID>/bin/proxy
tcp,55270,/var/vcap/data/packages/prom_scraper/<GUID>/prom-scraper
tcp,55276,/var/vcap/data/packages/bosh-dns/<GUID>/bin/bosh-dns
tcp,55286,/var/vcap/data/packages/prom_scraper/<GUID>/prom-scraper
tcp,55306,/var/vcap/data/packages/forwarder-agent/<GUID>/forwarder-agent
tcp,55358,/var/vcap/data/packages/metric_registrar/<GUID>/bin/metric_registrar_orchestrator
tcp,55420,/var/vcap/data/packages/bosh-dns/<GUID>/bin/bosh-dns
tcp,55482,/var/vcap/data/packages/syslog-agent/<GUID>/syslog-agent
tcp,55540,/usr/bin/google_guest_agent
tcp,55568,/var/vcap/data/packages/forwarder-agent/<GUID>/forwarder-agent
tcp,55586,/var/vcap/data/packages/bosh-dns/<GUID>/bin/bosh-dns
tcp,55644,/var/vcap/data/packages/forwarder-agent/<GUID>/forwarder-agent
tcp,55684,/usr/bin/google_guest_agent
tcp,55700,/var/vcap/bosh/bin/bosh-agent
tcp,55718,/var/vcap/data/packages/metrics-discovery-registrar/<GUID>/discovery-registrar
tcp,55816,/var/vcap/data/packages/prom_scraper/<GUID>/prom-scraper
tcp,55890,/var/vcap/data/packages/bosh-dns/<GUID>/bin/bosh-dns
tcp,55904,/var/vcap/data/packages/prom_scraper/<GUID>/prom-scraper
tcp,55930,/var/vcap/data/packages/prom_scraper/<GUID>/prom-scraper
tcp,55964,/var/vcap/data/packages/proxy/<GUID>/bin/proxy
tcp,55986,/var/vcap/data/packages/bosh-dns/<GUID>/bin/bosh-dns
tcp,56000,/var/vcap/data/packages/loggregator_agent/<GUID>/loggregator-agent
tcp,56000,/var/vcap/data/packages/prom_scraper/<GUID>/prom-scraper
tcp,56034,/var/vcap/data/packages/prom_scraper/<GUID>/prom-scraper
tcp,56048,/var/vcap/data/packages/bosh-dns/<GUID>/bin/bosh-dns
tcp,56066,/var/vcap/data/packages/director-ruby-3.2/<GUID>/bin/ruby
tcp,56076,/var/vcap/data/packages/director-ruby-3.2/<GUID>/bin/ruby
tcp,56082,/var/vcap/data/packages/director-ruby-3.2/<GUID>/bin/ruby
tcp,56088,/var/vcap/data/packages/director-ruby-3.2/<GUID>/bin/ruby
tcp,56106,/var/vcap/data/packages/prom_scraper/<GUID>/prom-scraper
tcp,56184,/var/vcap/data/packages/prom_scraper/<GUID>/prom-scraper
tcp,56202,/var/vcap/data/packages/prom_scraper/<GUID>/prom-scraper
tcp,56216,/var/vcap/data/packages/prom_scraper/<GUID>/prom-scraper
tcp,56282,/var/vcap/data/packages/bosh-system-metrics-forwarder/<GUID>/bosh-system-metrics-forwarder
tcp,56304,/usr/bin/google_guest_agent
tcp,56328,/var/vcap/data/packages/auctioneer/<GUID>/bin/auctioneer
tcp,56330,/usr/bin/google_guest_agent
tcp,56362,/var/vcap/data/packages/prom_scraper/<GUID>/prom-scraper
tcp,56370,/var/vcap/data/packages/bosh-dns/<GUID>/bin/bosh-dns
tcp,56370,/var/vcap/data/packages/doppler/<GUID>/doppler
tcp,56374,/var/vcap/data/packages/prom_scraper/<GUID>/prom-scraper
tcp,56388,/var/vcap/data/packages/metric_registrar/<GUID>/bin/metric_registrar_log_worker
tcp,56398,/var/vcap/data/packages/metric_registrar/<GUID>/bin/metric_registrar_endpoint_worker
tcp,56402,/var/vcap/data/packages/metric_registrar/<GUID>/bin/metric_registrar_secure_endpoint_worker
tcp,56562,/var/vcap/data/packages/proxy/<GUID>/bin/proxy
tcp,56614,/var/vcap/data/packages/bosh-dns/<GUID>/bin/bosh-dns
tcp,56738,/var/vcap/data/packages/loggregator_agent/<GUID>/loggregator-agent
tcp,56752,/var/vcap/data/packages/loggregator_agent/<GUID>/loggregator-agent
tcp,56762,/var/vcap/data/packages/loggregator_agent/<GUID>/loggregator-agent
tcp,56764,/var/vcap/data/packages/loggregator_agent/<GUID>/loggregator-agent
tcp,56768,/var/vcap/data/packages/loggregator_agent/<GUID>/loggregator-agent
tcp,56772,/usr/bin/google_guest_agent
tcp,56832,/usr/bin/google_guest_agent
tcp,56886,/var/vcap/data/packages/metrics-discovery-registrar/<GUID>/discovery-registrar
tcp,56918,/usr/bin/google_guest_agent
tcp,56920,/var/vcap/data/packages/prom_scraper/<GUID>/prom-scraper
tcp,56974,/var/vcap/data/packages/bosh-dns/<GUID>/bin/bosh-dns
tcp,57076,/var/vcap/data/packages/route_registrar/<GUID>/bin/route-registrar
tcp,57114,/var/vcap/data/packages/prom_scraper/<GUID>/prom-scraper
tcp,57150,/usr/bin/google_guest_agent
tcp,57166,/var/vcap/data/packages/prom_scraper/<GUID>/prom-scraper
tcp,57168,/var/vcap/data/packages/forwarder-agent/<GUID>/forwarder-agent
tcp,57210,/var/vcap/data/packages/director-ruby-3.2/<GUID>/bin/ruby
tcp,57244,/var/vcap/data/packages/openjdk_1.8.0/<GUID>/jre/bin/java
tcp,57260,/usr/bin/google_guest_agent
tcp,57268,/var/vcap/data/packages/loggregator_agent/<GUID>/loggregator-agent
tcp,57282,/var/vcap/data/packages/forwarder-agent/<GUID>/forwarder-agent
tcp,57282,/var/vcap/data/packages/loggregator_agent/<GUID>/loggregator-agent
tcp,57288,/var/vcap/data/packages/loggregator_agent/<GUID>/loggregator-agent
tcp,57304,/var/vcap/data/packages/loggregator_agent/<GUID>/loggregator-agent
tcp,57308,/var/vcap/data/packages/loggregator_agent/<GUID>/loggregator-agent
tcp,57360,/var/vcap/data/packages/metric_registrar/<GUID>/bin/metric_registrar_orchestrator
tcp,57414,/usr/bin/google_guest_agent
tcp,57502,/var/vcap/data/packages/forwarder-agent/<GUID>/forwarder-agent
tcp,57538,/var/vcap/data/packages/udp-forwarder/<GUID>/udp-forwarder
tcp,57550,/var/vcap/data/packages/prom_scraper/<GUID>/prom-scraper
tcp,57554,/var/vcap/bosh/bin/bosh-agent
tcp,57576,/var/vcap/data/packages/syslog-agent/<GUID>/syslog-agent
tcp,57612,/var/vcap/data/packages/metrics-discovery-registrar/<GUID>/discovery-registrar
tcp,57632,/var/vcap/data/packages/prom_scraper/<GUID>/prom-scraper
tcp,57634,/var/vcap/data/packages/prom_scraper/<GUID>/prom-scraper
tcp,57654,/var/vcap/data/packages/loggregator_agent/<GUID>/loggregator-agent
tcp,57664,/var/vcap/data/packages/prom_scraper/<GUID>/prom-scraper
tcp,57668,/var/vcap/bosh/bin/bosh-agent
tcp,57690,/var/vcap/data/packages/ruby-3.0/<GUID>/bin/ruby
tcp,57692,/var/vcap/data/packages/loggregator_trafficcontroller/<GUID>/trafficcontroller
tcp,57696,/var/vcap/data/packages/ruby-3.0/<GUID>/bin/ruby
tcp,57702,/var/vcap/data/packages/prom_scraper/<GUID>/prom-scraper
tcp,57704,/var/vcap/data/packages/reverse_log_proxy/<GUID>/rlp
tcp,57722,/var/vcap/data/packages/metrics-discovery-registrar/<GUID>/discovery-registrar
tcp,57728,/var/vcap/data/packages/prom_scraper/<GUID>/prom-scraper
tcp,57780,/var/vcap/data/packages/prom_scraper/<GUID>/prom-scraper
tcp,57806,/var/vcap/data/packages/metric_registrar/<GUID>/bin/metric_registrar_orchestrator
tcp,57812,/var/vcap/data/packages/loggregator_agent/<GUID>/loggregator-agent
tcp,57824,/var/vcap/data/packages/ruby-3.0/<GUID>/bin/ruby
tcp,57828,/var/vcap/data/packages/loggregator_agent/<GUID>/loggregator-agent
tcp,57834,/var/vcap/data/packages/loggregator_agent/<GUID>/loggregator-agent
tcp,57836,/var/vcap/data/packages/ruby-3.0/<GUID>/bin/ruby
tcp,57848,/var/vcap/data/packages/ruby-3.0/<GUID>/bin/ruby
tcp,57850,/var/vcap/data/packages/loggregator_agent/<GUID>/loggregator-agent
tcp,57858,/var/vcap/data/packages/loggregator_agent/<GUID>/loggregator-agent
tcp,57860,/var/vcap/data/packages/prom_scraper/<GUID>/prom-scraper
tcp,57860,/var/vcap/data/packages/ruby-3.0/<GUID>/bin/ruby
tcp,57862,/var/vcap/data/packages/ruby-3.0/<GUID>/bin/ruby
tcp,57868,/var/vcap/data/packages/ruby-3.0/<GUID>/bin/ruby
tcp,57970,/var/vcap/data/packages/metrics-discovery-registrar/<GUID>/discovery-registrar
tcp,57974,/var/vcap/data/packages/syslog-agent/<GUID>/syslog-agent
tcp,58022,/var/vcap/data/packages/bosh-dns/<GUID>/bin/bosh-dns
tcp,58106,/var/vcap/data/packages/syslog-agent/<GUID>/syslog-agent
tcp,58116,/var/vcap/data/packages/bosh-dns/<GUID>/bin/bosh-dns
tcp,58188,/var/vcap/data/packages/forwarder-agent/<GUID>/forwarder-agent
tcp,58194,/var/vcap/data/packages/reverse_log_proxy/<GUID>/rlp
tcp,58200,/var/vcap/data/packages/reverse_log_proxy/<GUID>/rlp
tcp,58204,/var/vcap/data/packages/reverse_log_proxy/<GUID>/rlp
tcp,58212,/var/vcap/data/packages/reverse_log_proxy/<GUID>/rlp
tcp,58218,/var/vcap/data/packages/forwarder-agent/<GUID>/forwarder-agent
tcp,58222,/var/vcap/data/packages/reverse_log_proxy/<GUID>/rlp
tcp,58270,/var/vcap/data/packages/prom_scraper/<GUID>/prom-scraper
tcp,58280,/var/vcap/data/packages/forwarder-agent/<GUID>/forwarder-agent
tcp,58280,/var/vcap/data/packages/metrics-discovery-registrar/<GUID>/discovery-registrar
tcp,58462,/var/vcap/data/packages/forwarder-agent/<GUID>/forwarder-agent
tcp,58474,/var/vcap/data/packages/loggregator_agent/<GUID>/loggregator-agent
tcp,58492,/var/vcap/data/packages/director-ruby-3.2/<GUID>/bin/ruby
tcp,58494,/var/vcap/data/packages/syslog-agent/<GUID>/syslog-agent
tcp,58506,/var/vcap/data/packages/director-ruby-3.2/<GUID>/bin/ruby
tcp,58516,/var/vcap/data/packages/bosh-dns/<GUID>/bin/bosh-dns
tcp,58544,/var/vcap/data/packages/forwarder-agent/<GUID>/forwarder-agent
tcp,58660,/var/vcap/data/packages/rep/<GUID>/bin/rep
tcp,58664,/var/vcap/data/packages/rep/<GUID>/bin/rep
tcp,58664,/var/vcap/data/packages/syslog-agent/<GUID>/syslog-agent
tcp,58686,/var/vcap/data/packages/route_registrar/<GUID>/bin/route-registrar
tcp,58702,/var/vcap/data/packages/prom_scraper/<GUID>/prom-scraper
tcp,58728,/usr/bin/google_guest_agent
tcp,58826,/var/vcap/data/packages/tcp_router/<GUID>/bin/cf-tcp-router
tcp,58838,/var/vcap/data/packages/tcp_router/<GUID>/bin/cf-tcp-router
tcp,58852,/var/vcap/data/packages/prom_scraper/<GUID>/prom-scraper
tcp,58864,/var/vcap/data/packages/rep/<GUID>/bin/rep
tcp,58882,/var/vcap/data/packages/bosh-dns/<GUID>/bin/bosh-dns
tcp,58934,/var/vcap/data/packages/bosh-dns/<GUID>/bin/bosh-dns
tcp,58960,/var/vcap/data/packages/bbs/<GUID>/bin/bbs
tcp,58960,/var/vcap/data/packages/syslog-agent/<GUID>/syslog-agent
tcp,58966,/var/vcap/data/packages/bbs/<GUID>/bin/bbs
tcp,58966,/var/vcap/data/packages/loggregator_agent/<GUID>/loggregator-agent
tcp,58982,/var/vcap/data/packages/bbs/<GUID>/bin/bbs
tcp,58996,/var/vcap/data/packages/bbs/<GUID>/bin/bbs
tcp,59000,/var/vcap/data/packages/loggregator_agent/<GUID>/loggregator-agent
tcp,59010,/var/vcap/data/packages/bbs/<GUID>/bin/bbs
tcp,59046,/var/vcap/data/packages/silk-healthchecker/<GUID>/bin/healthchecker
tcp,59048,/var/vcap/bosh/bin/bosh-agent
tcp,59102,/var/vcap/data/packages/forwarder-agent/<GUID>/forwarder-agent
tcp,59140,/var/vcap/data/packages/prom_scraper/<GUID>/prom-scraper
tcp,59262,/var/vcap/data/packages/loggregator_agent/<GUID>/loggregator-agent
tcp,59264,/usr/bin/google_guest_agent
tcp,59270,/var/vcap/data/packages/proxy/<GUID>/bin/proxy
tcp,59278,/var/vcap/data/packages/proxy/<GUID>/bin/proxy
tcp,59370,/var/vcap/data/packages/log-cache/<GUID>/log-cache
tcp,59400,/var/vcap/data/packages/prom_scraper/<GUID>/prom-scraper
tcp,59460,/var/vcap/data/packages/nats-server/<GUID>/bin/nats-server
tcp,59518,/var/vcap/data/packages/bbs/<GUID>/bin/bbs
tcp,59550,/usr/bin/google_guest_agent
tcp,59618,/var/vcap/data/packages/udp-forwarder/<GUID>/udp-forwarder
tcp,59620,/var/vcap/data/packages/prom_scraper/<GUID>/prom-scraper
tcp,59626,/var/vcap/data/packages/prom_scraper/<GUID>/prom-scraper
tcp,59636,/var/vcap/data/packages/statsd_injector/<GUID>/statsd-injector
tcp,59674,/var/vcap/data/packages/bosh-dns/<GUID>/bin/bosh-dns
tcp,59692,/var/vcap/data/packages/proxy/<GUID>/bin/proxy
tcp,59700,/var/vcap/data/packages/forwarder-agent/<GUID>/forwarder-agent
tcp,59750,/var/vcap/data/packages/proxy/<GUID>/bin/proxy
tcp,59754,/var/vcap/data/packages/proxy/<GUID>/bin/proxy
tcp,59838,/var/vcap/data/packages/prom_scraper/<GUID>/prom-scraper
tcp,59934,/var/vcap/data/packages/metrics-discovery-registrar/<GUID>/discovery-registrar
tcp,59954,/var/vcap/data/packages/proxy/<GUID>/bin/proxy
tcp,59958,/var/vcap/data/packages/proxy/<GUID>/bin/proxy
tcp,59994,/var/vcap/data/packages/bosh-dns/<GUID>/bin/bosh-dns
tcp,60008,/var/vcap/data/packages/forwarder-agent/<GUID>/forwarder-agent
tcp,60010,/var/vcap/data/packages/bbs/<GUID>/bin/bbs
tcp,60048,/var/vcap/data/packages/bosh-dns/<GUID>/bin/bosh-dns
tcp,60066,/var/vcap/data/packages/loggregator_agent/<GUID>/loggregator-agent
tcp,60072,/var/vcap/data/packages/bosh-dns/<GUID>/bin/bosh-dns
tcp,60072,/var/vcap/data/packages/loggregator_agent/<GUID>/loggregator-agent
tcp,60082,/var/vcap/data/packages/loggregator_agent/<GUID>/loggregator-agent
tcp,60088,/var/vcap/data/packages/loggregator_agent/<GUID>/loggregator-agent
tcp,60090,/var/vcap/data/packages/loggregator_agent/<GUID>/loggregator-agent
tcp,60134,/var/vcap/data/packages/syslog-agent/<GUID>/syslog-agent
tcp,60190,/var/vcap/data/packages/syslog-agent/<GUID>/syslog-agent
tcp,60196,/var/vcap/data/packages/bosh-dns/<GUID>/bin/bosh-dns
tcp,60198,/var/vcap/data/packages/forwarder-agent/<GUID>/forwarder-agent
tcp,60304,/var/vcap/data/packages/prom_scraper/<GUID>/prom-scraper
tcp,60456,/var/vcap/data/packages/prom_scraper/<GUID>/prom-scraper
tcp,60492,/var/vcap/data/packages/syslog-agent/<GUID>/syslog-agent
tcp,60504,/var/vcap/data/packages/syslog-agent/<GUID>/syslog-agent
tcp,60542,/var/vcap/data/packages/forwarder-agent/<GUID>/forwarder-agent
tcp,6060,/var/vcap/data/packages/log-cache/<GUID>/log-cache
tcp,60618,/var/vcap/data/packages/metric_registrar/<GUID>/bin/metric_registrar_orchestrator
tcp,60622,/var/vcap/data/packages/prom_scraper/<GUID>/prom-scraper
tcp,6063,/var/vcap/data/packages/log-cache-gateway/<GUID>/log-cache-gateway
tcp,6065,/var/vcap/data/packages/log-cache-cf-auth-proxy/<GUID>/log-cache-cf-auth-proxy
tcp,6066,/var/vcap/data/packages/log-cache-syslog-server/<GUID>/log-cache-syslog-server
tcp,6067,/var/vcap/data/packages/log-cache-syslog-server/<GUID>/log-cache-syslog-server
tcp,60676,/var/vcap/data/packages/forwarder-agent/<GUID>/forwarder-agent
tcp,60750,/var/vcap/data/packages/syslog-agent/<GUID>/syslog-agent
tcp,60752,/var/vcap/data/packages/bosh-dns/<GUID>/bin/bosh-dns
tcp,60820,/var/vcap/data/packages/director-ruby-3.2/<GUID>/bin/ruby
tcp,60824,/var/vcap/data/packages/uaa/<GUID>/jdk/bin/java
tcp,60848,/var/vcap/data/packages/metrics-discovery-registrar/<GUID>/discovery-registrar
tcp,60864,/var/vcap/data/packages/reverse_log_proxy/<GUID>/rlp
tcp,60866,/var/vcap/data/packages/reverse_log_proxy/<GUID>/rlp
tcp,60870,/var/vcap/data/packages/reverse_log_proxy/<GUID>/rlp
tcp,60872,/var/vcap/data/packages/reverse_log_proxy/<GUID>/rlp
tcp,60882,/var/vcap/data/packages/reverse_log_proxy/<GUID>/rlp
tcp,60886,/var/vcap/data/packages/reverse_log_proxy/<GUID>/rlp
tcp,60970,/var/vcap/data/packages/ruby-3.0/<GUID>/bin/ruby
tcp,60994,/var/vcap/data/packages/prom_scraper/<GUID>/prom-scraper
tcp,6116,/var/vcap/data/packages/gorouter/<GUID>/bin/gorouter
tcp,6862,/var/vcap/data/packages/forwarder-agent/<GUID>/forwarder-agent
tcp,6868,/var/vcap/bosh/bin/bosh-agent
tcp,7022,/var/vcap/data/packages/gorouter/<GUID>/bin/gorouter
tcp,7100,/var/vcap/data/packages/leadership-election/<GUID>/leadership-election
tcp,7101,/var/vcap/data/packages/leadership-election/<GUID>/leadership-election
tcp,7589,/var/vcap/data/packages/nfsv3driver/<GUID>/bin/nfsv3driver
tcp,7590,/var/vcap/data/packages/nfsv3driver/<GUID>/bin/nfsv3driver
tcp,7689,/var/vcap/data/packages/nfsv3driver/<GUID>/bin/nfsv3driver
tcp,80,/usr/sbin/nginx
tcp,80,/var/vcap/data/packages/gorouter/<GUID>/bin/gorouter
tcp,80,/var/vcap/data/packages/haproxy/<GUID>/bin/haproxy
tcp,8005,/home/tempest-web/uaa/jdk/bin/java
tcp,8053,/var/vcap/data/packages/bosh-dns-adapter/<GUID>/bin/bosh-dns-adapter
tcp,8054,/var/vcap/data/packages/service-discovery-controller/<GUID>/bin/service-discovery-controller
tcp,8055,/var/vcap/data/packages/service-discovery-controller/<GUID>/bin/service-discovery-controller
tcp,8066,/var/vcap/data/packages/bosh-dns-adapter/<GUID>/bin/bosh-dns-adapter
tcp,8080,/home/tempest-web/uaa/jdk/bin/java
tcp,8080,/var/vcap/data/packages/file_server/<GUID>/bin/file-server
tcp,8080,/var/vcap/data/packages/gorouter/<GUID>/bin/gorouter
tcp,8080,/var/vcap/data/packages/log-cache/<GUID>/log-cache
tcp,8080,/var/vcap/data/packages/proxy/<GUID>/bin/proxy
tcp,8080,/var/vcap/data/packages/uaa/<GUID>/jdk/bin/java
tcp,8081,/var/vcap/data/packages/log-cache-gateway/<GUID>/log-cache-gateway
tcp,8081,/var/vcap/data/packages/loggregator_trafficcontroller/<GUID>/trafficcontroller
tcp,8082,/var/vcap/data/packages/doppler/<GUID>/doppler
tcp,8082,/var/vcap/data/packages/proxy/<GUID>/bin/proxy
tcp,8082,/var/vcap/data/packages/reverse_log_proxy/<GUID>/rlp
tcp,8083,/var/vcap/data/packages/log-cache-cf-auth-proxy/<GUID>/log-cache-cf-auth-proxy
tcp,8088,/var/vcap/data/packages/reverse_log_proxy_gateway/<GUID>/rlp-gateway
tcp,8089,/var/vcap/data/packages/reverse_log_proxy_gateway/<GUID>/rlp-gateway
tcp,8111,/var/vcap/data/packages/replication-canary/<GUID>/bin/replication-canary
tcp,8112,/var/vcap/data/packages/mysql-diag/<GUID>/bin/mysql-diag-agent
tcp,8114,/var/vcap/data/packages/galera-init/<GUID>/bin/galera-init
tcp,8443,/var/vcap/data/packages/uaa/<GUID>/jdk/bin/java
tcp,8447,/var/vcap/data/packages/file_server/<GUID>/bin/file-server
tcp,8589,/var/vcap/data/packages/smbdriver/<GUID>/bin/smbdriver
tcp,8590,/var/vcap/data/packages/smbdriver/<GUID>/bin/smbdriver
tcp,8689,/var/vcap/data/packages/smbdriver/<GUID>/bin/smbdriver
tcp,8721,/var/vcap/data/packages/vxlan-policy-agent/<GUID>/bin/vxlan-policy-agent
tcp,8722,/var/vcap/data/packages/vxlan-policy-agent/<GUID>/bin/vxlan-policy-agent
tcp,8844,/var/vcap/data/packages/openjdk_1.8.0/<GUID>/jre/bin/java
tcp,8845,/var/vcap/data/packages/openjdk_1.8.0/<GUID>/jre/bin/java
tcp,8853,/var/vcap/data/packages/bosh-dns/<GUID>/bin/bosh-dns-health
tcp,8889,/var/vcap/data/packages/bbs/<GUID>/bin/bbs
tcp,8890,/var/vcap/data/packages/bbs/<GUID>/bin/bbs
tcp,8891,/var/vcap/data/packages/locket/<GUID>/bin/locket
tcp,9000,/var/vcap/data/packages/binding-cache/<GUID>/binding-cache
tcp,9016,/var/vcap/data/packages/auctioneer/<GUID>/bin/auctioneer
tcp,9022,/var/vcap/data/packages/nginx/<GUID>/sbin/nginx
tcp,9023,/var/vcap/data/packages/nginx/<GUID>/sbin/nginx
tcp,9024,/var/vcap/data/packages/nginx/<GUID>/sbin/nginx
tcp,9090,/var/vcap/data/packages/cc_uploader/<GUID>/bin/cc-uploader
tcp,9091,/var/vcap/data/packages/cc_uploader/<GUID>/bin/cc-uploader
tcp,9091,/var/vcap/data/packages/nginx/<GUID>/sbin/nginx
tcp,9092,/var/vcap/data/packages/director-ruby-3.2/<GUID>/bin/ruby
tcp,9201,/var/vcap/data/packages/galera-agent/<GUID>/bin/galera-agent
udp,111,/sbin/rpcbind
udp,123,/usr/sbin/ntpd
udp,323,/usr/sbin/chronyd
udp,33451,/var/vcap/data/packages/routing-api/<GUID>/bin/routing-api
udp,33663,/var/vcap/data/packages/uaa/<GUID>/jdk/bin/java
udp,33879,/var/vcap/data/packages/ruby-3.0/<GUID>/bin/ruby
udp,3457,/var/vcap/data/packages/udp-forwarder/<GUID>/udp-forwarder
udp,35310,/var/vcap/data/packages/bosh-dns-adapter/<GUID>/bin/bosh-dns-adapter
udp,35418,/var/vcap/data/packages/silk-daemon/<GUID>/bin/silk-daemon
udp,35654,/var/vcap/data/packages/tps/<GUID>/bin/tps-watcher
udp,36691,/var/vcap/data/packages/ruby-3.0/<GUID>/bin/ruby
udp,37205,/var/vcap/data/packages/ruby-3.0/<GUID>/bin/ruby
udp,37555,/var/vcap/data/packages/gorouter/<GUID>/bin/gorouter
udp,37895,/var/vcap/data/packages/ruby-3.0/<GUID>/bin/ruby
udp,38171,/var/vcap/data/packages/uaa/<GUID>/jdk/bin/java
udp,39105,/var/vcap/data/packages/cc_uploader/<GUID>/bin/cc-uploader
udp,39197,/var/vcap/data/packages/ruby-3.0/<GUID>/bin/ruby
udp,39674,/var/vcap/data/packages/ruby-3.0/<GUID>/bin/ruby
udp,39838,/var/vcap/data/packages/policy-server/<GUID>/bin/policy-server
udp,39900,/var/vcap/data/packages/ruby-3.0/<GUID>/bin/ruby
udp,40096,/var/vcap/data/packages/tcp_router/<GUID>/bin/cf-tcp-router
udp,40385,/var/vcap/data/packages/uaa/<GUID>/jdk/bin/java
udp,40618,/var/vcap/data/packages/ruby-3.0/<GUID>/bin/ruby
udp,41026,/var/vcap/data/packages/ruby-3.0/<GUID>/bin/ruby
udp,42456,/var/vcap/data/packages/netmon/<GUID>/bin/netmon
udp,42747,/var/vcap/data/packages/guardian/<GUID>/bin/gdn
udp,43513,/var/vcap/data/packages/ruby-3.0/<GUID>/bin/ruby
udp,43781,/var/vcap/data/packages/ruby-3.0/<GUID>/bin/ruby
udp,43983,/var/vcap/data/packages/vxlan-policy-agent/<GUID>/bin/vxlan-policy-agent
udp,44139,/var/vcap/data/packages/ruby-3.0/<GUID>/bin/ruby
udp,44430,/var/vcap/data/packages/silk-controller/<GUID>/bin/silk-controller
udp,44673,/var/vcap/data/packages/routing-api/<GUID>/bin/routing-api
udp,44933,/var/vcap/data/packages/ruby-3.0/<GUID>/bin/ruby
udp,45673,/var/vcap/data/packages/service-discovery-controller/<GUID>/bin/service-discovery-controller
udp,46161,/var/vcap/data/packages/ruby-3.0/<GUID>/bin/ruby
udp,47489,/var/vcap/data/packages/ruby-3.0/<GUID>/bin/ruby
udp,49226,/var/vcap/data/packages/ruby-3.0/<GUID>/bin/ruby
udp,49323,/var/vcap/data/packages/ruby-3.0/<GUID>/bin/ruby
udp,50214,/usr/local/bin/postgres
udp,50493,/var/vcap/data/packages/ruby-3.0/<GUID>/bin/ruby
udp,50857,/var/vcap/data/packages/routing-api/<GUID>/bin/routing-api
udp,51317,/var/vcap/data/packages/ruby-3.0/<GUID>/bin/ruby
udp,52711,/var/vcap/data/packages/ruby-3.0/<GUID>/bin/ruby
udp,52820,/home/tempest-web/uaa/jdk/bin/java
udp,53,/var/vcap/data/packages/bosh-dns/<GUID>/bin/bosh-dns
udp,53281,/var/vcap/data/packages/routing-api/<GUID>/bin/routing-api
udp,53787,/var/vcap/data/packages/ruby-3.0/<GUID>/bin/ruby
udp,53966,/var/vcap/data/packages/ruby-3.0/<GUID>/bin/ruby
udp,54231,/var/vcap/data/packages/iptables-logger/<GUID>/bin/iptables-logger
udp,54324,/var/vcap/data/packages/ruby-3.0/<GUID>/bin/ruby
udp,56206,/var/vcap/data/packages/ruby-3.0/<GUID>/bin/ruby
udp,56649,/var/vcap/data/packages/ruby-3.0/<GUID>/bin/ruby
udp,58273,/var/vcap/data/packages/policy-server/<GUID>/bin/policy-server-internal
udp,58878,/var/vcap/data/packages/ruby-3.0/<GUID>/bin/ruby
udp,58935,/var/vcap/data/packages/ruby-3.0/<GUID>/bin/ruby
udp,59087,/var/vcap/data/packages/ruby-3.0/<GUID>/bin/ruby
udp,59685,/var/vcap/data/packages/ruby-3.0/<GUID>/bin/ruby
udp,59918,/var/vcap/data/packages/ruby-3.0/<GUID>/bin/ruby
udp,60412,/var/vcap/data/packages/ruby-3.0/<GUID>/bin/ruby
udp,60952,/var/vcap/data/packages/ruby-3.0/<GUID>/bin/ruby
udp,612,/sbin/rpcbind
udp,68,/lib/systemd/systemd-networkd
udp,8125,/var/vcap/data/packages/statsd_injector/<GUID>/statsd-injector
